Timestamp,Filename,OriginalFileSize_KB,MSE,PSNR,SNR,BER,EmbeddingTime_s,DecodingTime_s,CPU_Time_s,Memory_Increase_MB
2025-10-11 18:17:50,AM Contra - Heart Peripheral_bass.wav,36194.0430,0.0000,137.5970,111.1627,0.0000,0.6068,0.0657,0.1400,106.3778
2025-10-11 18:17:51,AM Contra - Heart Peripheral_drums.wav,36194.0430,0.0000,137.5970,115.5512,0.0000,0.7777,0.0885,0.1400,106.1032
2025-10-11 18:17:52,AM Contra - Heart Peripheral_mixture.wav,36194.0430,0.0000,137.2359,119.1006,0.0000,0.8109,0.0795,0.1300,106.1030
2025-10-11 18:17:53,AM Contra - Heart Peripheral_other.wav,36194.0430,0.0000,137.5970,112.9186,0.0000,0.7710,0.0750,0.1400,106.1030
2025-10-11 18:17:55,AM Contra - Heart Peripheral_vocals.wav,36194.0430,0.0000,137.2824,112.6645,0.0000,1.2305,0.1732,0.1500,106.1031
2025-10-11 18:17:57,Al James - Schoolboy Facination_bass.wav,34543.9141,0.0000,137.3074,111.7598,0.0000,0.9700,0.0614,0.1400,101.2688
2025-10-11 18:17:58,Al James - Schoolboy Facination_drums.wav,34543.9141,0.0000,137.3074,110.1047,0.0000,0.9150,0.0674,0.1400,101.2687
2025-10-11 18:17:59,Al James - Schoolboy Facination_mixture.wav,34543.9141,0.0000,137.3074,118.2280,0.0000,0.7276,0.0661,0.1300,101.2687
2025-10-11 18:18:00,Al James - Schoolboy Facination_other.wav,34543.9141,0.0000,137.3074,111.0008,0.0000,0.8816,0.0778,0.1400,101.2687
2025-10-11 18:18:01,Al James - Schoolboy Facination_vocals.wav,34543.9141,0.0000,137.3074,114.5377,0.0000,0.4269,0.0634,0.1300,101.2686
2025-10-11 18:18:02,Angels In Amplifiers - I'm Alright_bass.wav,30937.8711,0.0000,136.9281,110.0953,0.0000,0.8814,0.0574,0.1100,90.7042
2025-10-11 18:18:03,Angels In Amplifiers - I'm Alright_drums.wav,30937.8711,0.0000,136.7796,111.0981,0.0000,0.5894,0.0538,0.1000,90.7040
2025-10-11 18:18:04,Angels In Amplifiers - I'm Alright_mixture.wav,30937.8711,0.0000,136.7073,118.5925,0.0000,0.7211,0.0738,0.1000,90.7042
2025-10-11 18:18:05,Angels In Amplifiers - I'm Alright_other.wav,30937.8711,0.0000,136.9281,114.3827,0.0000,0.7629,0.0512,0.1100,90.7042
2025-10-11 18:18:06,Angels In Amplifiers - I'm Alright_vocals.wav,30937.8711,0.0000,136.9281,114.0333,0.0000,0.7213,0.0570,0.0900,90.7042
2025-10-11 18:18:08,Arise - Run Run Run_bass.wav,37793.8906,0.0000,137.6979,117.0762,0.0000,1.2071,0.0903,0.1500,110.7901
2025-10-11 18:18:10,Arise - Run Run Run_drums.wav,37793.8906,0.0000,137.6979,112.1654,0.0000,0.9214,0.1313,0.1600,110.7902
2025-10-11 18:18:11,Arise - Run Run Run_mixture.wav,37793.8906,0.0000,137.6979,121.4802,0.0000,0.5853,0.1025,0.1700,110.7900
2025-10-11 18:18:12,Arise - Run Run Run_other.wav,37793.8906,0.0000,137.6979,117.6052,0.0000,0.8143,0.0929,0.1600,110.7901
2025-10-11 18:18:13,Arise - Run Run Run_vocals.wav,37793.8906,0.0000,137.6979,112.3597,0.0000,0.7552,0.1002,0.1600,110.7900
2025-10-11 18:18:15,BKS - Bulldozer_bass.wav,58060.4805,0.0000,139.0305,113.9468,0.0000,0.8880,0.1113,0.2200,170.1649
2025-10-11 18:18:17,BKS - Bulldozer_drums.wav,58060.4805,0.0000,139.2310,117.0218,0.0000,1.3625,0.1417,0.2300,170.1648
2025-10-11 18:18:18,BKS - Bulldozer_mixture.wav,58060.4805,0.0000,139.4054,120.8687,0.0000,0.7191,0.1193,0.2300,170.1648
2025-10-11 18:18:21,BKS - Bulldozer_other.wav,58060.4805,0.0000,139.4173,114.1559,0.0000,1.3178,0.1549,0.2200,170.1648
2025-10-11 18:18:23,BKS - Bulldozer_vocals.wav,58060.4805,0.0000,139.0305,111.9135,0.0000,0.9693,0.2588,0.2300,170.1650
2025-10-11 18:18:24,BKS - Too Much_bass.wav,37920.0117,0.0000,137.7124,113.5766,0.0000,0.8131,0.0715,0.1500,111.1597
2025-10-11 18:18:25,BKS - Too Much_drums.wav,37920.0117,0.0000,137.7124,113.0366,0.0000,1.0267,0.0727,0.1500,111.1597
2025-10-11 18:18:26,BKS - Too Much_mixture.wav,37920.0117,0.0000,137.3809,118.1516,0.0000,0.5057,0.1006,0.1400,111.1595
2025-10-11 18:18:27,BKS - Too Much_other.wav,37920.0117,0.0000,137.3809,109.9650,0.0000,0.5056,0.0744,0.1500,111.1595
2025-10-11 18:18:28,BKS - Too Much_vocals.wav,37920.0117,0.0000,137.7124,112.2447,0.0000,0.8602,0.0664,0.1500,111.1596
2025-10-11 18:18:30,Ben Carrigan - We'll Talk About It All Tonight_bass.wav,43912.3945,0.0000,138.3496,110.9597,0.0000,1.2989,0.0916,0.1800,128.7153
2025-10-11 18:18:31,Ben Carrigan - We'll Talk About It All Tonight_drums.wav,43912.3945,0.0000,138.3496,111.8277,0.0000,0.7788,0.1057,0.1700,128.7155
2025-10-11 18:18:33,Ben Carrigan - We'll Talk About It All Tonight_mixture.wav,43912.3945,0.0000,138.3496,116.9843,0.0000,0.7467,0.1164,0.1700,128.7153
2025-10-11 18:18:34,Ben Carrigan - We'll Talk About It All Tonight_other.wav,43912.3945,0.0000,138.3496,111.4428,0.0000,0.6533,0.1466,0.1900,128.7155
2025-10-11 18:18:35,Ben Carrigan - We'll Talk About It All Tonight_vocals.wav,43912.3945,0.0000,138.3496,109.1143,0.0000,0.7909,0.1072,0.1800,128.7153
2025-10-11 18:18:37,Bobby Nobody - Stitch Up_bass.wav,38113.8125,0.0000,137.7345,111.8932,0.0000,1.3348,0.0894,0.1500,111.7273
2025-10-11 18:18:38,Bobby Nobody - Stitch Up_drums.wav,38113.8125,0.0000,137.5774,109.6376,0.0000,0.6682,0.1195,0.1500,111.7273
2025-10-11 18:18:44,Bobby Nobody - Stitch Up_mixture.wav,38113.8125,0.0000,137.5774,117.1476,0.0000,1.2601,0.0812,0.1600,111.7273
2025-10-11 18:18:49,Bobby Nobody - Stitch Up_other.wav,38113.8125,0.0000,137.7345,112.3845,0.0000,1.7466,0.2078,0.5100,111.7275
2025-10-11 18:18:51,Bobby Nobody - Stitch Up_vocals.wav,38113.8125,0.0000,137.7345,110.5971,0.0000,1.1298,0.1090,0.3000,111.7273
2025-10-11 18:18:52,Buitraker - Revo X_bass.wav,47515.3633,0.0000,138.6920,114.2254,0.0000,1.3683,0.1650,0.2800,139.2710
2025-10-11 18:18:54,Buitraker - Revo X_drums.wav,47515.3633,0.0000,138.1383,117.0680,0.0000,1.0121,0.1193,0.2800,139.2712
2025-10-11 18:18:55,Buitraker - Revo X_mixture.wav,47515.3633,0.0000,138.1383,120.5075,0.0000,0.9607,0.0922,0.2500,139.2710
2025-10-11 18:18:58,Buitraker - Revo X_other.wav,47515.3633,0.0000,138.6920,114.9839,0.0000,2.0947,0.1005,0.2800,139.2710
2025-10-11 18:18:59,Buitraker - Revo X_vocals.wav,47515.3633,0.0000,138.6920,110.9996,0.0000,1.0009,0.0910,0.2400,139.2711
2025-10-11 18:19:01,Carlos Gonzalez - A Place For Us_bass.wav,43104.1328,0.0000,138.2935,105.6506,0.0000,0.7212,0.1685,0.2700,126.3476
2025-10-11 18:19:02,Carlos Gonzalez - A Place For Us_drums.wav,43104.1328,0.0000,137.9717,111.7660,0.0000,0.8476,0.1283,0.2600,126.3474
2025-10-11 18:19:03,Carlos Gonzalez - A Place For Us_mixture.wav,43104.1328,0.0000,138.0646,118.7311,0.0000,1.0165,0.1063,0.2500,126.3475
2025-10-11 18:19:05,Carlos Gonzalez - A Place For Us_other.wav,43104.1328,0.0000,137.9374,114.1240,0.0000,1.3704,0.1941,0.2500,126.3476
2025-10-11 18:19:07,Carlos Gonzalez - A Place For Us_vocals.wav,43104.1328,0.0000,138.0179,114.5765,0.0000,1.0502,0.0902,0.2500,126.3476
2025-10-11 18:19:08,Cristina Vane - So Easy_bass.wav,43778.5820,0.0000,138.3363,110.6075,0.0000,0.9342,0.0864,0.2000,128.3235
2025-10-11 18:19:10,Cristina Vane - So Easy_drums.wav,43778.5820,0.0000,138.2270,115.5184,0.0000,1.2037,0.0766,0.1700,128.3235
2025-10-11 18:19:11,Cristina Vane - So Easy_mixture.wav,43778.5820,0.0000,138.0970,119.2774,0.0000,0.6697,0.1095,0.1800,128.3233
2025-10-11 18:19:13,Cristina Vane - So Easy_other.wav,43778.5820,0.0000,138.1086,112.0832,0.0000,1.3047,0.1012,0.2500,128.3235
2025-10-11 18:19:14,Cristina Vane - So Easy_vocals.wav,43778.5820,0.0000,138.3363,113.9694,0.0000,0.7067,0.1058,0.2100,128.3235
2025-10-11 18:19:15,Detsky Sad - Walkie Talkie_bass.wav,32813.5664,0.0000,137.0842,106.4483,0.0000,0.7880,0.2125,0.1500,96.1992
2025-10-11 18:19:17,Detsky Sad - Walkie Talkie_drums.wav,32813.5664,0.0000,136.7527,116.6027,0.0000,1.4793,0.0770,0.1900,96.1994
2025-10-11 18:19:19,Detsky Sad - Walkie Talkie_mixture.wav,32813.5664,0.0000,136.7527,118.7594,0.0000,1.1200,0.1515,0.1900,96.1994
2025-10-11 18:19:20,Detsky Sad - Walkie Talkie_other.wav,32813.5664,0.0000,137.0842,112.3927,0.0000,0.8411,0.0620,0.2000,96.1994
2025-10-11 18:19:21,Detsky Sad - Walkie Talkie_vocals.wav,32813.5664,0.0000,137.0842,110.2060,0.0000,0.7740,0.0664,0.1900,96.1993
2025-10-11 18:19:22,Enda Reilly - Cur An Long Ag Seol_bass.wav,32212.9453,0.0000,136.8588,112.2483,0.0000,0.9141,0.0790,0.2100,94.4397
2025-10-11 18:19:23,Enda Reilly - Cur An Long Ag Seol_drums.wav,32212.9453,0.0000,137.0040,113.1342,0.0000,0.8331,0.0655,0.1700,94.4398
2025-10-11 18:19:24,Enda Reilly - Cur An Long Ag Seol_mixture.wav,32212.9453,0.0000,136.8588,118.7730,0.0000,0.8563,0.0613,0.1300,94.4397
2025-10-11 18:19:25,Enda Reilly - Cur An Long Ag Seol_other.wav,32212.9453,0.0000,137.0040,112.3583,0.0000,0.5371,0.0567,0.1300,94.4397
2025-10-11 18:19:26,Enda Reilly - Cur An Long Ag Seol_vocals.wav,32212.9453,0.0000,137.0040,113.4296,0.0000,0.7202,0.0671,0.1200,94.4397
2025-10-11 18:19:29,Forkupines - Semantics_bass.wav,47129.3047,0.0000,138.6566,111.5684,0.0000,0.8018,0.1188,0.1800,138.1399
2025-10-11 18:19:30,Forkupines - Semantics_drums.wav,47129.3047,0.0000,138.6566,118.8257,0.0000,0.9913,0.1078,0.2000,138.1401
2025-10-11 18:19:32,Forkupines - Semantics_mixture.wav,47129.3047,0.0000,138.6566,121.4210,0.0000,0.9799,0.1157,0.1900,138.1399
2025-10-11 18:19:33,Forkupines - Semantics_other.wav,47129.3047,0.0000,138.6566,114.9227,0.0000,0.8812,0.1092,0.2000,138.1400
2025-10-11 18:19:34,Forkupines - Semantics_vocals.wav,47129.3047,0.0000,138.6566,112.3176,0.0000,0.5359,0.0907,0.1700,138.1399
2025-10-11 18:19:37,Georgia Wonder - Siren_bass.wav,74138.8633,0.0000,140.6241,116.9657,0.0000,1.4023,0.1467,0.2900,217.2694
2025-10-11 18:19:39,Georgia Wonder - Siren_drums.wav,74138.8633,0.0000,140.6241,116.9476,0.0000,1.3756,0.1498,0.2900,217.2696
2025-10-11 18:19:41,Georgia Wonder - Siren_mixture.wav,74138.8633,0.0000,140.6241,122.4491,0.0000,0.8950,0.2037,0.2900,217.2695
2025-10-11 18:19:44,Georgia Wonder - Siren_other.wav,74138.8633,0.0000,140.6241,116.9196,0.0000,1.2476,0.1887,0.2800,217.2695
2025-10-11 18:19:46,Georgia Wonder - Siren_vocals.wav,74138.8633,0.0000,140.6241,114.8440,0.0000,1.3030,0.1506,0.2900,217.2696
2025-10-11 18:19:47,Girls Under Glass - We Feel Alright_bass.wav,54656.6953,0.0000,139.3001,115.8644,0.0000,0.8806,0.1117,0.2200,160.1929
2025-10-11 18:19:49,Girls Under Glass - We Feel Alright_drums.wav,54656.6953,0.0000,139.3001,117.2093,0.0000,1.0183,0.6047,0.2200,160.1928
2025-10-11 18:19:51,Girls Under Glass - We Feel Alright_mixture.wav,54656.6953,0.0000,139.3001,121.3561,0.0000,1.2853,0.1219,0.2200,160.1929
2025-10-11 18:19:53,Girls Under Glass - We Feel Alright_other.wav,54656.6953,0.0000,139.3001,115.6624,0.0000,0.9369,0.1103,0.2200,160.1930
2025-10-11 18:19:55,Girls Under Glass - We Feel Alright_vocals.wav,54656.6953,0.0000,139.3001,110.0476,0.0000,1.4683,0.1258,0.2100,160.1928
2025-10-11 18:19:56,Hollow Ground - Ill Fate_bass.wav,24405.6211,0.0000,135.7986,111.7215,0.0000,1.0231,0.0714,0.1000,71.5668
2025-10-11 18:19:57,Hollow Ground - Ill Fate_drums.wav,24405.6211,0.0000,135.7986,110.3076,0.0000,0.7543,0.0528,0.0900,71.5667
2025-10-11 18:19:58,Hollow Ground - Ill Fate_mixture.wav,24405.6211,0.0000,135.7986,118.8782,0.0000,0.3991,0.0393,0.0700,71.5667
2025-10-11 18:19:59,Hollow Ground - Ill Fate_other.wav,24405.6211,0.0000,135.7986,116.6612,0.0000,1.0511,0.0366,0.0800,71.5667
2025-10-11 18:20:00,Hollow Ground - Ill Fate_vocals.wav,24405.6211,0.0000,135.7986,107.3543,0.0000,0.3114,0.0473,0.0700,71.5668
2025-10-11 18:20:01,James Elder & Mark M Thompson - The English Actor_bass.wav,35396.0156,0.0000,137.4132,108.1100,0.0000,0.6277,0.0599,0.1500,103.7650
2025-10-11 18:20:02,James Elder & Mark M Thompson - The English Actor_drums.wav,35396.0156,0.0000,136.8164,110.6772,0.0000,1.1939,0.0664,0.1300,103.7651
2025-10-11 18:20:03,James Elder & Mark M Thompson - The English Actor_mixture.wav,35396.0156,0.0000,137.4752,118.3560,0.0000,0.5449,0.0923,0.1400,103.7651
2025-10-11 18:20:05,James Elder & Mark M Thompson - The English Actor_other.wav,35396.0156,0.0000,137.1623,113.9144,0.0000,0.8739,0.0623,0.1400,103.7652
2025-10-11 18:20:06,James Elder & Mark M Thompson - The English Actor_vocals.wav,35396.0156,0.0000,137.4132,113.3683,0.0000,0.5717,0.0979,0.1500,103.7650
2025-10-11 18:20:07,Juliet's Rescue - Heartbeats_bass.wav,46107.2461,0.0000,138.5614,109.5408,0.0000,0.8094,0.0998,0.1900,135.1457
2025-10-11 18:20:09,Juliet's Rescue - Heartbeats_drums.wav,46107.2461,0.0000,138.5614,117.2806,0.0000,1.4219,0.1138,0.1800,135.1455
2025-10-11 18:20:11,Juliet's Rescue - Heartbeats_mixture.wav,46107.2461,0.0000,138.5614,120.4856,0.0000,0.9448,0.1146,0.1900,135.1457
2025-10-11 18:20:12,Juliet's Rescue - Heartbeats_other.wav,46107.2461,0.0000,138.5614,115.0552,0.0000,0.6931,0.0912,0.1800,135.1456
2025-10-11 18:20:14,Juliet's Rescue - Heartbeats_vocals.wav,46107.2461,0.0000,138.5614,112.3908,0.0000,1.4698,0.1162,0.1800,135.1456
2025-10-11 18:20:16,Little Chicago's Finest - My Own_bass.wav,48512.0430,0.0000,138.7822,104.9167,0.0000,1.0773,0.0951,0.2000,142.1909
2025-10-11 18:20:17,Little Chicago's Finest - My Own_drums.wav,48512.0430,0.0000,138.7822,116.2470,0.0000,0.8949,0.0823,0.1900,142.1909
2025-10-11 18:20:19,Little Chicago's Finest - My Own_mixture.wav,48512.0430,0.0000,138.4850,117.5006,0.0000,0.8417,0.1186,0.1900,142.1909
2025-10-11 18:20:20,Little Chicago's Finest - My Own_other.wav,48512.0430,0.0000,138.4850,104.6458,0.0000,1.0282,0.1132,0.2000,142.1910
2025-10-11 18:20:22,Little Chicago's Finest - My Own_vocals.wav,48512.0430,0.0000,138.7822,110.7412,0.0000,1.4751,0.1103,0.1900,142.1910
2025-10-11 18:20:24,Louis Cressy Band - Good Time_bass.wav,50443.1094,0.0000,138.9517,110.0750,0.0000,0.9839,0.1150,0.2000,147.8485
2025-10-11 18:20:27,Louis Cressy Band - Good Time_drums.wav,50443.1094,0.0000,138.9517,114.2386,0.0000,2.1586,0.0942,0.2000,147.8484
2025-10-11 18:20:28,Louis Cressy Band - Good Time_mixture.wav,50443.1094,0.0000,138.9517,119.1368,0.0000,1.1252,0.0960,0.2000,147.8482
2025-10-11 18:20:30,Louis Cressy Band - Good Time_other.wav,50443.1094,0.0000,138.9517,115.2257,0.0000,1.3017,0.0916,0.1900,147.8484
2025-10-11 18:20:31,Louis Cressy Band - Good Time_vocals.wav,50443.1094,0.0000,138.9517,110.7353,0.0000,0.5747,0.1382,0.2000,147.8483
2025-10-11 18:20:33,Lyndsey Ollard - Catching Up_bass.wav,39178.1680,0.0000,137.8541,105.3363,0.0000,0.8816,0.0733,0.1700,114.8456
2025-10-11 18:20:34,Lyndsey Ollard - Catching Up_drums.wav,39178.1680,0.0000,137.8541,107.0575,0.0000,0.9458,0.0701,0.1600,114.8457
2025-10-11 18:20:36,Lyndsey Ollard - Catching Up_mixture.wav,39178.1680,0.0000,137.7448,114.7979,0.0000,1.4281,0.1654,0.1600,114.8456
2025-10-11 18:20:38,Lyndsey Ollard - Catching Up_other.wav,39178.1680,0.0000,137.8541,108.1102,0.0000,0.9790,0.1073,0.1800,114.8456
2025-10-11 18:20:39,Lyndsey Ollard - Catching Up_vocals.wav,39178.1680,0.0000,137.7448,111.9126,0.0000,0.8563,0.1015,0.1500,114.8457
2025-10-11 18:20:41,M.E.R.C. Music - Knockout_bass.wav,46511.7617,0.0000,138.5993,108.9947,0.0000,0.7140,0.0866,0.1700,136.3307
2025-10-11 18:20:43,M.E.R.C. Music - Knockout_drums.wav,46511.7617,0.0000,138.5993,113.0043,0.0000,0.9899,0.1172,0.1900,136.3308
2025-10-11 18:20:44,M.E.R.C. Music - Knockout_mixture.wav,46511.7617,0.0000,138.5993,118.7360,0.0000,1.1064,0.1080,0.2000,136.3308
2025-10-11 18:20:46,M.E.R.C. Music - Knockout_other.wav,46511.7617,0.0000,138.5993,112.2277,0.0000,0.8814,0.0874,0.1800,136.3308
2025-10-11 18:20:47,M.E.R.C. Music - Knockout_vocals.wav,46511.7617,0.0000,138.5993,114.7881,0.0000,0.6141,0.1197,0.1900,136.3308
2025-10-11 18:20:48,Moosmusic - Big Dummy Shake_bass.wav,34256.2930,0.0000,137.2711,112.5285,0.0000,0.5530,0.0672,0.1200,100.4261
2025-10-11 18:20:50,Moosmusic - Big Dummy Shake_drums.wav,34256.2930,0.0000,137.2711,116.9199,0.0000,1.6795,0.0758,0.1300,100.4260
2025-10-11 18:20:51,Moosmusic - Big Dummy Shake_mixture.wav,34256.2930,0.0000,137.2711,120.7215,0.0000,0.9189,0.1083,0.1400,100.4261
2025-10-11 18:20:52,Moosmusic - Big Dummy Shake_other.wav,34256.2930,0.0000,137.2711,113.9413,0.0000,0.9313,0.0679,0.1400,100.4261
2025-10-11 18:20:54,Moosmusic - Big Dummy Shake_vocals.wav,34256.2930,0.0000,137.2711,114.1612,0.0000,0.9476,0.0606,0.1300,100.4262
2025-10-11 18:20:55,Motor Tapes - Shore_bass.wav,42501.9727,0.0000,138.2078,111.1891,0.0000,0.8781,0.4220,0.1700,124.5833
2025-10-11 18:20:57,Motor Tapes - Shore_drums.wav,42501.9727,0.0000,137.9918,107.2554,0.0000,0.9511,0.0762,0.1600,124.5834
2025-10-11 18:20:58,Motor Tapes - Shore_mixture.wav,42501.9727,0.0000,137.9918,119.5403,0.0000,0.7648,0.1154,0.1700,124.5833
2025-10-11 18:20:59,Motor Tapes - Shore_other.wav,42501.9727,0.0000,138.2078,116.8524,0.0000,0.7498,0.0772,0.1600,124.5832
2025-10-11 18:21:01,Motor Tapes - Shore_vocals.wav,42501.9727,0.0000,138.2078,114.3863,0.0000,0.8513,0.1217,0.1800,124.5834
2025-10-11 18:21:02,Mu - Too Bright_bass.wav,46884.7461,0.0000,138.6340,106.4723,0.0000,0.7496,0.1151,0.1900,137.4235
2025-10-11 18:21:04,Mu - Too Bright_drums.wav,46884.7461,0.0000,138.6340,116.8589,0.0000,0.7875,0.1065,0.1900,137.4235
2025-10-11 18:21:05,Mu - Too Bright_mixture.wav,46884.7461,0.0000,138.2684,119.2489,0.0000,0.7437,0.1236,0.2000,137.4235
2025-10-11 18:21:06,Mu - Too Bright_other.wav,46884.7461,0.0000,138.2684,112.1958,0.0000,0.7241,0.0933,0.1900,137.4235
2025-10-11 18:21:09,Mu - Too Bright_vocals.wav,46884.7461,0.0000,138.6340,113.1341,0.0000,1.9980,0.0869,0.1800,137.4234
2025-10-11 18:21:11,Nerve 9 - Pray For The Rain_bass.wav,59210.1992,0.0000,139.6476,112.4650,0.0000,1.5095,0.1096,0.2300,173.5332
2025-10-11 18:21:14,Nerve 9 - Pray For The Rain_drums.wav,59210.1992,0.0000,139.6476,112.3117,0.0000,1.7565,0.1499,0.2400,173.5332
2025-10-11 18:21:16,Nerve 9 - Pray For The Rain_mixture.wav,59210.1992,0.0000,139.1484,119.7421,0.0000,1.1732,0.2045,0.2400,173.5333
2025-10-11 18:21:18,Nerve 9 - Pray For The Rain_other.wav,59210.1992,0.0000,139.4083,115.8334,0.0000,1.4385,0.1734,0.2400,173.5333
2025-10-11 18:21:20,Nerve 9 - Pray For The Rain_vocals.wav,59210.1992,0.0000,139.2821,114.3874,0.0000,0.8968,0.1292,0.2400,173.5333
2025-10-11 18:21:21,PR - Happy Daze_bass.wav,28028.2539,0.0000,136.2189,110.4008,0.0000,0.7249,0.0527,0.1000,82.1804
2025-10-11 18:21:22,PR - Happy Daze_drums.wav,28028.2559,0.0000,135.9667,120.3869,0.0000,0.5204,0.0435,0.0900,82.1795
2025-10-11 18:21:23,PR - Happy Daze_mixture.wav,28028.2598,0.0000,136.0340,121.0718,0.0000,0.8916,0.0415,0.0900,82.1794
2025-10-11 18:21:24,PR - Happy Daze_other.wav,28028.2559,0.0000,136.3143,107.2851,0.0000,0.7224,0.0494,0.0900,82.1796
2025-10-11 18:21:25,PR - Happy Daze_vocals.wav,28028.2578,0.0000,136.0681,95.3047,0.0000,0.5582,0.0405,0.0900,82.1795
2025-10-11 18:21:25,PR - Oh No_bass.wav,13125.9453,0.0001,132.9956,110.4225,0.0000,0.6585,0.0233,0.0600,38.5204
2025-10-11 18:21:26,PR - Oh No_drums.wav,13125.9473,0.0001,132.7848,114.3048,0.0000,0.4870,0.0224,0.0400,38.5205
2025-10-11 18:21:27,PR - Oh No_mixture.wav,13125.9492,0.0001,133.0926,115.2101,0.0000,0.5227,0.0447,0.0500,38.5204
2025-10-11 18:21:28,PR - Oh No_other.wav,13125.9473,0.0001,132.6057,106.1705,0.0000,0.7412,0.0257,0.0500,38.5203
2025-10-11 18:21:28,PR - Oh No_vocals.wav,13125.9492,0.0001,132.6609,97.6751,0.0000,0.4364,0.0308,0.0500,38.5205
2025-10-11 18:21:30,Punkdisco - Oral Hygiene_bass.wav,38173.7969,0.0000,137.7413,115.8006,0.0000,0.8677,0.1005,0.1600,111.9031
2025-10-11 18:21:31,Punkdisco - Oral Hygiene_drums.wav,38173.7969,0.0000,137.7413,115.3355,0.0000,0.9127,0.0887,0.1600,111.9030
2025-10-11 18:21:32,Punkdisco - Oral Hygiene_mixture.wav,38173.7969,0.0000,137.7413,119.0867,0.0000,0.5322,0.1024,0.1500,111.9032
2025-10-11 18:21:34,Punkdisco - Oral Hygiene_other.wav,38173.7969,0.0000,137.7413,104.7444,0.0000,1.1535,0.0771,0.1700,111.9031
2025-10-11 18:21:35,Punkdisco - Oral Hygiene_vocals.wav,38173.7969,0.0000,137.7413,107.2488,0.0000,0.5345,0.0657,0.1500,111.9032
2025-10-11 18:21:36,Raft Monk - Tiring_bass.wav,36562.6523,0.0000,137.5541,115.5205,0.0000,0.9099,0.0927,0.1500,107.1830
2025-10-11 18:21:38,Raft Monk - Tiring_drums.wav,36562.6523,0.0000,137.5541,114.4932,0.0000,0.9100,0.0747,0.1500,107.1830
2025-10-11 18:21:39,Raft Monk - Tiring_mixture.wav,36562.6523,0.0000,137.5541,120.9024,0.0000,1.3507,0.0742,0.1500,107.1830
2025-10-11 18:21:41,Raft Monk - Tiring_other.wav,36562.6523,0.0000,137.5541,115.6557,0.0000,0.7501,0.0964,0.1500,107.1831
2025-10-11 18:21:41,Raft Monk - Tiring_vocals.wav,36562.6523,0.0000,137.5541,113.5092,0.0000,0.5728,0.0730,0.1500,107.1830
2025-10-11 18:21:44,Sambasevam Shanmugam - Kaathaadi_bass.wav,54759.7461,0.0000,139.3083,115.6069,0.0000,1.3795,0.1518,0.2100,160.4948
2025-10-11 18:21:46,Sambasevam Shanmugam - Kaathaadi_drums.wav,54759.7461,0.0000,139.3083,110.4491,0.0000,1.1331,0.1254,0.2200,160.4947
2025-10-11 18:21:47,Sambasevam Shanmugam - Kaathaadi_mixture.wav,54759.7461,0.0000,138.9768,120.0813,0.0000,1.0781,0.1324,0.2100,160.4947
2025-10-11 18:21:49,Sambasevam Shanmugam - Kaathaadi_other.wav,54759.7461,0.0000,138.9768,113.9199,0.0000,1.2498,0.1045,0.2100,160.4949
2025-10-11 18:21:51,Sambasevam Shanmugam - Kaathaadi_vocals.wav,54759.7461,0.0000,139.3083,115.6209,0.0000,0.8389,0.1220,0.2100,160.4948
2025-10-11 18:21:52,Secretariat - Borderline_bass.wav,49413.6836,0.0000,138.8622,111.6248,0.0000,1.0694,0.0957,0.2000,144.8325
2025-10-11 18:21:54,Secretariat - Borderline_drums.wav,49413.6836,0.0000,139.2613,110.9033,0.0000,0.9731,0.1110,0.2000,144.8325
2025-10-11 18:21:56,Secretariat - Borderline_mixture.wav,49413.6836,0.0000,138.4628,120.1877,0.0000,1.0444,0.1245,0.1900,144.8324
2025-10-11 18:21:57,Secretariat - Borderline_other.wav,49413.6836,0.0000,138.3960,117.5733,0.0000,0.9199,0.1204,0.2000,144.8325
2025-10-11 18:21:59,Secretariat - Borderline_vocals.wav,49413.6836,0.0000,138.8622,114.0986,0.0000,1.1968,0.1175,0.1900,144.8325
2025-10-11 18:22:01,Secretariat - Over The Top_bass.wav,43255.2305,0.0000,138.2841,117.6282,0.0000,0.9894,0.1022,0.1700,126.7901
2025-10-11 18:22:02,Secretariat - Over The Top_drums.wav,43255.2305,0.0000,138.2841,114.8643,0.0000,1.2194,0.0857,0.1800,126.7901
2025-10-11 18:22:04,Secretariat - Over The Top_mixture.wav,43255.2305,0.0000,138.2841,121.4649,0.0000,1.0202,0.0927,0.1900,126.7900
2025-10-11 18:22:05,Secretariat - Over The Top_other.wav,43255.2305,0.0000,138.2841,115.4126,0.0000,0.9600,0.1194,0.1700,126.7901
2025-10-11 18:22:07,Secretariat - Over The Top_vocals.wav,43255.2305,0.0000,138.2841,112.2897,0.0000,1.0734,0.0831,0.1700,126.7902
2025-10-11 18:22:08,Side Effects Project - Sing With Me_bass.wav,41978.2539,0.0000,138.1539,108.2383,0.0000,0.7540,0.0799,0.1600,123.0491
2025-10-11 18:22:10,Side Effects Project - Sing With Me_drums.wav,41978.2539,0.0000,137.9030,115.4805,0.0000,0.8655,0.1904,0.2000,123.0489
2025-10-11 18:22:11,Side Effects Project - Sing With Me_mixture.wav,41978.2539,0.0000,137.8683,118.5674,0.0000,0.8221,0.0954,0.1700,123.0490
2025-10-11 18:22:13,Side Effects Project - Sing With Me_other.wav,41978.2539,0.0000,138.3041,104.0433,0.0000,1.0611,0.1566,0.1800,123.0489
2025-10-11 18:22:14,Side Effects Project - Sing With Me_vocals.wav,41978.2539,0.0000,138.1539,114.8381,0.0000,0.8738,0.0968,0.1800,123.0491
2025-10-11 18:22:15,Signe Jakobsen - What Have You Done To Me_bass.wav,30559.5039,0.0000,136.7019,109.1343,0.0000,0.6223,0.0519,0.1100,89.5956
2025-10-11 18:22:16,Signe Jakobsen - What Have You Done To Me_drums.wav,30559.5039,0.0000,136.6419,109.2966,0.0000,0.6306,0.0610,0.0900,89.5955
2025-10-11 18:22:17,Signe Jakobsen - What Have You Done To Me_mixture.wav,30559.5039,0.0000,136.5242,118.1683,0.0000,0.7282,0.0461,0.0900,89.5956
2025-10-11 18:22:18,Signe Jakobsen - What Have You Done To Me_other.wav,30559.5039,0.0000,136.4436,114.0770,0.0000,0.5445,0.0464,0.0900,89.5957
2025-10-11 18:22:19,Signe Jakobsen - What Have You Done To Me_vocals.wav,30559.5039,0.0000,136.1891,113.3919,0.0000,0.7850,0.0692,0.1000,89.5956
2025-10-11 18:22:21,Skelpolu - Resurrection_bass.wav,68159.1641,0.0000,140.2589,121.9238,0.0000,0.9123,0.1471,0.3000,199.7508
2025-10-11 18:22:24,Skelpolu - Resurrection_drums.wav,68159.1641,0.0000,140.4733,117.8571,0.0000,1.9285,0.2318,0.2700,199.7508
2025-10-11 18:22:26,Skelpolu - Resurrection_mixture.wav,68159.1641,0.0000,139.9388,123.8199,0.0000,1.8196,0.1233,0.2600,199.7509
2025-10-11 18:22:28,Skelpolu - Resurrection_other.wav,68159.1641,0.0000,140.1616,115.1565,0.0000,1.0178,0.1311,0.2600,199.7508
2025-10-11 18:22:30,Skelpolu - Resurrection_vocals.wav,68159.1641,0.0000,140.1496,109.3651,0.0000,1.0496,0.1596,0.2600,199.7509
2025-10-11 18:22:31,Speak Softly - Broken Man_bass.wav,43610.8398,0.0000,138.3196,116.7364,0.0000,0.7297,0.0808,0.1800,127.8320
2025-10-11 18:22:33,Speak Softly - Broken Man_drums.wav,43610.8398,0.0000,138.3196,113.0044,0.0000,0.7449,0.1081,0.1700,127.8319
2025-10-11 18:22:35,Speak Softly - Broken Man_mixture.wav,43610.8398,0.0000,138.3196,120.4208,0.0000,1.5453,0.0882,0.1600,127.8319
2025-10-11 18:22:36,Speak Softly - Broken Man_other.wav,43610.8398,0.0000,138.3196,115.0201,0.0000,1.2210,0.0977,0.1800,127.8320
2025-10-11 18:22:38,Speak Softly - Broken Man_vocals.wav,43610.8398,0.0000,138.3196,110.4655,0.0000,1.4240,0.1125,0.1700,127.8320
2025-10-11 18:22:40,Speak Softly - Like Horses_bass.wav,53861.7617,0.0000,139.2365,116.4309,0.0000,0.8459,0.1030,0.2100,157.8639
2025-10-11 18:22:41,Speak Softly - Like Horses_drums.wav,53861.7617,0.0000,138.8709,111.4678,0.0000,0.7245,0.1710,0.2100,157.8639
2025-10-11 18:22:43,Speak Softly - Like Horses_mixture.wav,53861.7617,0.0000,138.8709,121.5365,0.0000,0.8312,0.1247,0.2200,157.8638
2025-10-11 18:22:45,Speak Softly - Like Horses_other.wav,53861.7617,0.0000,139.2365,116.6743,0.0000,1.6174,0.1030,0.1900,157.8638
2025-10-11 18:22:47,Speak Softly - Like Horses_vocals.wav,53861.7617,0.0000,139.2365,116.8518,0.0000,1.0764,0.1361,0.2200,157.8640
2025-10-11 18:22:49,The Doppler Shift - Atrophy_bass.wav,57096.1016,0.0000,139.6272,111.1067,0.0000,0.8577,0.1158,0.2300,167.3396
2025-10-11 18:22:52,The Doppler Shift - Atrophy_drums.wav,57096.1016,0.0000,139.3090,117.7206,0.0000,2.0663,0.1376,0.2300,167.3395
2025-10-11 18:22:53,The Doppler Shift - Atrophy_mixture.wav,57096.1016,0.0000,139.1016,121.3181,0.0000,1.0058,0.1219,0.2300,167.3396
2025-10-11 18:22:55,The Doppler Shift - Atrophy_other.wav,57096.1016,0.0000,139.2504,116.0114,0.0000,1.0768,0.1335,0.2400,167.3395
2025-10-11 18:22:57,The Doppler Shift - Atrophy_vocals.wav,57096.1016,0.0000,139.5021,114.9543,0.0000,0.9905,0.1425,0.2300,167.3395
2025-10-11 18:22:58,The Easton Ellises (Baumi) - SDRNR_bass.wav,40428.0430,0.0000,137.8098,113.1264,0.0000,0.7867,0.0875,0.1700,118.5074
2025-10-11 18:23:00,The Easton Ellises (Baumi) - SDRNR_drums.wav,40428.0430,0.0000,138.0152,115.8638,0.0000,1.1018,0.0795,0.1500,118.5073
2025-10-11 18:23:02,The Easton Ellises (Baumi) - SDRNR_mixture.wav,40428.0430,0.0000,137.9416,120.6395,0.0000,1.6940,0.1098,0.1700,118.5074
2025-10-11 18:23:03,The Easton Ellises (Baumi) - SDRNR_other.wav,40428.0430,0.0000,137.5243,113.4022,0.0000,0.6254,0.0941,0.1800,118.5074
2025-10-11 18:23:05,The Easton Ellises (Baumi) - SDRNR_vocals.wav,40428.0430,0.0000,137.3510,114.5881,0.0000,1.2973,0.0908,0.1700,118.5073
2025-10-11 18:23:06,The Easton Ellises - Falcon 69_bass.wav,42548.0430,0.0000,138.2125,114.8905,0.0000,0.9651,0.1098,0.1700,124.7182
2025-10-11 18:23:08,The Easton Ellises - Falcon 69_drums.wav,42548.0430,0.0000,138.2125,116.8556,0.0000,0.9279,0.0883,0.1700,124.7183
2025-10-11 18:23:09,The Easton Ellises - Falcon 69_mixture.wav,42548.0430,0.0000,138.2125,121.5486,0.0000,1.1156,0.0794,0.1700,124.7182
2025-10-11 18:23:11,The Easton Ellises - Falcon 69_other.wav,42548.0430,0.0000,138.2125,115.2894,0.0000,1.1145,0.1083,0.1700,124.7183
2025-10-11 18:23:12,The Easton Ellises - Falcon 69_vocals.wav,42548.0430,0.0000,138.2125,114.8062,0.0000,0.6529,0.0973,0.1800,124.7183
2025-10-11 18:23:14,The Long Wait - Dark Horses_bass.wav,52665.2500,0.0000,139.1389,112.7819,0.0000,0.9580,0.1018,0.2100,154.3587
2025-10-11 18:23:16,The Long Wait - Dark Horses_drums.wav,52665.2500,0.0000,139.1389,110.0690,0.0000,1.5217,0.1466,0.2000,154.3586
2025-10-11 18:23:18,The Long Wait - Dark Horses_mixture.wav,52665.2500,0.0000,138.8188,117.6473,0.0000,1.1149,0.1179,0.2100,154.3585
2025-10-11 18:23:20,The Long Wait - Dark Horses_other.wav,52665.2500,0.0000,138.8188,112.8188,0.0000,0.9822,0.1396,0.2000,154.3585
2025-10-11 18:23:21,The Long Wait - Dark Horses_vocals.wav,52665.2500,0.0000,139.1389,111.0782,0.0000,1.0164,0.1087,0.2000,154.3586
2025-10-11 18:23:22,The Mountaineering Club - Mallory_bass.wav,42112.0664,0.0000,138.1677,114.6350,0.0000,0.7107,0.1071,0.1600,123.4410
2025-10-11 18:23:24,The Mountaineering Club - Mallory_drums.wav,42112.0664,0.0000,138.1677,112.7005,0.0000,0.8088,0.0851,0.1600,123.4411
2025-10-11 18:23:25,The Mountaineering Club - Mallory_mixture.wav,42112.0664,0.0000,138.2297,118.5183,0.0000,0.6454,0.0934,0.1600,123.4410
2025-10-11 18:23:26,The Mountaineering Club - Mallory_other.wav,42112.0664,0.0000,138.2297,111.3707,0.0000,0.7621,0.0790,0.1600,123.4411
2025-10-11 18:23:27,The Mountaineering Club - Mallory_vocals.wav,42112.0664,0.0000,138.1677,109.5796,0.0000,0.8446,0.0794,0.1600,123.4410
2025-10-11 18:23:29,The Sunshine Garcia Band - For I Am The Moon_bass.wav,55176.1484,0.0000,139.3412,115.6109,0.0000,0.9819,0.1043,0.2300,161.7146
2025-10-11 18:23:32,The Sunshine Garcia Band - For I Am The Moon_drums.wav,55176.1484,0.0000,139.1135,116.1152,0.0000,1.6954,0.2077,0.2200,161.7147
2025-10-11 18:23:34,The Sunshine Garcia Band - For I Am The Moon_mixture.wav,55176.1484,0.0000,139.1135,120.5276,0.0000,1.4028,0.1070,0.2200,161.7147
2025-10-11 18:23:35,The Sunshine Garcia Band - For I Am The Moon_other.wav,55176.1484,0.0000,139.3412,107.7002,0.0000,0.6821,0.1095,0.2100,161.7146
2025-10-11 18:23:37,The Sunshine Garcia Band - For I Am The Moon_vocals.wav,55176.1484,0.0000,139.3412,115.3399,0.0000,0.9270,0.1319,0.2100,161.7147
2025-10-11 18:23:38,Timboz - Pony_bass.wav,43591.6406,0.0000,138.3177,107.6040,0.0000,1.1431,0.0787,0.1600,127.7756
2025-10-11 18:23:40,Timboz - Pony_drums.wav,43591.6406,0.0000,137.9521,112.0809,0.0000,1.0557,0.1046,0.1700,127.7758
2025-10-11 18:23:41,Timboz - Pony_mixture.wav,43591.6406,0.0000,138.3672,119.6223,0.0000,0.6048,0.0822,0.1700,127.7758
2025-10-11 18:23:42,Timboz - Pony_other.wav,43591.6406,0.0000,138.3300,117.6584,0.0000,0.6040,0.1223,0.1600,127.7757
2025-10-11 18:23:44,Timboz - Pony_vocals.wav,43591.6406,0.0000,138.0091,109.2035,0.0000,0.8593,0.0983,0.1800,127.7756
2025-10-11 18:23:45,Tom McKenzie - Directions_bass.wav,30293.4141,0.0000,136.7372,110.8328,0.0000,0.7374,0.3277,0.1300,88.8160
2025-10-11 18:23:46,Tom McKenzie - Directions_drums.wav,30293.4141,0.0000,136.7372,114.6304,0.0000,0.4996,0.0462,0.0900,88.8160
2025-10-11 18:23:47,Tom McKenzie - Directions_mixture.wav,30293.4141,0.0000,136.7372,117.3821,0.0000,0.4925,0.0426,0.0900,88.8160
2025-10-11 18:23:48,Tom McKenzie - Directions_other.wav,30293.4141,0.0000,136.7372,108.7376,0.0000,0.6162,0.0979,0.0900,88.8159
2025-10-11 18:23:49,Tom McKenzie - Directions_vocals.wav,30293.4141,0.0000,136.7372,108.1818,0.0000,0.7281,0.0503,0.0800,88.8160
2025-10-11 18:23:50,Triviul feat. The Fiend - Widow_bass.wav,40501.3594,0.0000,137.9984,113.1267,0.0000,1.0296,0.0738,0.1400,118.7221
2025-10-11 18:23:52,Triviul feat. The Fiend - Widow_drums.wav,40501.3594,0.0000,137.9984,110.0351,0.0000,1.1017,0.1051,0.1600,118.7221
2025-10-11 18:23:53,Triviul feat. The Fiend - Widow_mixture.wav,40501.3594,0.0000,137.9984,118.2777,0.0000,1.0740,0.0834,0.1700,118.7221
2025-10-11 18:23:55,Triviul feat. The Fiend - Widow_other.wav,40501.3594,0.0000,137.9984,109.1035,0.0000,1.0037,0.0748,0.1600,118.7222
2025-10-11 18:23:56,Triviul feat. The Fiend - Widow_vocals.wav,40501.3594,0.0000,137.9984,114.5127,0.0000,1.2070,0.0938,0.1600,118.7221
2025-10-11 18:23:58,We Fell From The Sky - Not You_bass.wav,35813.6055,0.0000,137.4642,105.8735,0.0000,1.0503,0.1320,0.1400,104.9885
2025-10-11 18:23:59,We Fell From The Sky - Not You_drums.wav,35813.6055,0.0000,137.4642,114.9510,0.0000,0.9959,0.0682,0.1500,104.9885
2025-10-11 18:24:01,We Fell From The Sky - Not You_mixture.wav,35813.6055,0.0000,137.4642,118.5566,0.0000,0.9094,0.0676,0.1500,104.9886
2025-10-11 18:24:02,We Fell From The Sky - Not You_other.wav,35813.6055,0.0000,137.4642,114.7595,0.0000,1.1965,0.1261,0.1400,104.9884
2025-10-11 18:24:04,We Fell From The Sky - Not You_vocals.wav,35813.6055,0.0000,137.4642,108.0437,0.0000,1.5280,0.0752,0.1600,104.9886
2025-10-11 18:24:06,Zeno - Signs_bass.wav,40376.3359,0.0000,137.9850,109.7171,0.0000,1.1175,0.0795,0.1700,118.3560
2025-10-11 18:24:07,Zeno - Signs_drums.wav,40376.3359,0.0000,137.9850,114.0557,0.0000,0.5879,0.1097,0.1600,118.3559
2025-10-11 18:24:08,Zeno - Signs_mixture.wav,40376.3359,0.0000,137.5968,119.7671,0.0000,0.7776,0.0831,0.1600,118.3559
2025-10-11 18:24:09,Zeno - Signs_other.wav,40376.3359,0.0000,137.5968,115.7530,0.0000,0.6184,0.0882,0.1700,118.3558
2025-10-11 18:24:11,Zeno - Signs_vocals.wav,40376.3359,0.0000,137.9850,114.5240,0.0000,1.2673,0.1849,0.1700,118.3559
2025-10-11 18:24:12,A Classic Education - NightOwl_bass.wav,29533.2930,0.0000,136.2953,118.6649,0.0000,0.4988,0.0539,0.1200,86.5892
2025-10-11 18:24:13,A Classic Education - NightOwl_drums.wav,29533.2930,0.0000,136.0731,102.7806,0.0000,0.6625,0.0507,0.0900,86.5891
2025-10-11 18:24:14,A Classic Education - NightOwl_mixture.wav,29533.2930,0.0000,136.5175,120.8038,0.0000,0.5653,0.0597,0.0900,86.5891
2025-10-11 18:24:15,A Classic Education - NightOwl_other.wav,29533.2930,0.0000,136.6145,115.1784,0.0000,1.0743,0.0621,0.1000,86.5891
2025-10-11 18:24:16,A Classic Education - NightOwl_vocals.wav,29533.2930,0.0000,136.4108,109.4065,0.0000,0.5937,0.0502,0.1000,86.5893
2025-10-11 18:24:18,ANiMAL - Clinic A_bass.wav,41007.7227,0.0000,138.0523,118.0392,0.0000,0.9530,0.0768,0.1600,120.2057
2025-10-11 18:24:19,ANiMAL - Clinic A_drums.wav,41007.7227,0.0000,138.0523,110.8231,0.0000,1.0982,0.1367,0.1700,120.2057
2025-10-11 18:24:21,ANiMAL - Clinic A_mixture.wav,41007.7227,0.0000,138.0523,121.0756,0.0000,1.3188,0.0774,0.1600,120.2057
2025-10-11 18:24:23,ANiMAL - Clinic A_other.wav,41007.7227,0.0000,138.0523,115.6112,0.0000,0.9851,0.1045,0.1800,120.2056
2025-10-11 18:24:24,ANiMAL - Clinic A_vocals.wav,41007.7227,0.0000,138.0523,112.0255,0.0000,1.1309,0.1693,0.1600,120.2057
2025-10-11 18:24:26,ANiMAL - Easy Tiger_bass.wav,35427.8281,0.0000,137.3926,113.7080,0.0000,0.7347,0.0757,0.1400,103.8583
2025-10-11 18:24:26,ANiMAL - Easy Tiger_drums.wav,35427.8281,0.0000,136.8743,113.6107,0.0000,0.5207,0.0759,0.1600,103.8584
2025-10-11 18:24:27,ANiMAL - Easy Tiger_mixture.wav,35427.8281,0.0000,137.2482,119.0048,0.0000,0.4781,0.0671,0.1500,103.8583
2025-10-11 18:24:28,ANiMAL - Easy Tiger_other.wav,35427.8281,0.0000,137.0403,111.7778,0.0000,0.5741,0.0910,0.1500,103.8583
2025-10-11 18:24:30,ANiMAL - Easy Tiger_vocals.wav,35427.8281,0.0000,137.0178,111.9967,0.0000,0.7807,0.0753,0.1500,103.8583
2025-10-11 18:24:31,ANiMAL - Rockshow_bass.wav,28543.8398,0.0000,136.0348,113.4859,0.0000,0.8635,0.0702,0.1200,83.6903
2025-10-11 18:24:32,ANiMAL - Rockshow_drums.wav,28543.8398,0.0000,136.4911,112.4802,0.0000,1.0905,0.0586,0.0900,83.6903
2025-10-11 18:24:33,ANiMAL - Rockshow_mixture.wav,28543.8398,0.0000,136.1931,117.4450,0.0000,0.4074,0.0531,0.0900,83.6904
2025-10-11 18:24:34,ANiMAL - Rockshow_other.wav,28543.8398,0.0000,136.4788,108.6420,0.0000,0.7175,0.0628,0.1000,83.6904
2025-10-11 18:24:35,ANiMAL - Rockshow_vocals.wav,28543.8398,0.0000,136.4788,109.8925,0.0000,0.5544,0.0408,0.0900,83.6904
2025-10-11 18:24:36,Actions - Devil's Words_bass.wav,33903.2422,0.0000,137.2261,113.9355,0.0000,0.5407,0.1571,0.1500,99.3918
2025-10-11 18:24:37,Actions - Devil's Words_drums.wav,33903.2422,0.0000,137.2261,114.4236,0.0000,0.7527,0.0831,0.1400,99.3917
2025-10-11 18:24:38,Actions - Devil's Words_mixture.wav,33903.2422,0.0000,137.2261,121.2000,0.0000,0.7910,0.0980,0.1300,99.3917
2025-10-11 18:24:40,Actions - Devil's Words_other.wav,33903.2422,0.0000,137.2261,115.0780,0.0000,0.8317,0.0558,0.1300,99.3917
2025-10-11 18:24:41,Actions - Devil's Words_vocals.wav,33903.2422,0.0000,137.2261,116.7324,0.0000,0.7163,0.0895,0.1400,99.3918
2025-10-11 18:24:42,Actions - One Minute Smile_bass.wav,28177.8945,0.0000,136.4228,107.8732,0.0000,0.7342,0.0530,0.1100,82.6183
2025-10-11 18:24:43,Actions - One Minute Smile_drums.wav,28177.8945,0.0000,136.4228,114.0015,0.0000,0.7337,0.0610,0.0900,82.6183
2025-10-11 18:24:44,Actions - One Minute Smile_mixture.wav,28177.8945,0.0000,136.4228,120.1574,0.0000,0.5820,0.0617,0.0800,82.6182
2025-10-11 18:24:44,Actions - One Minute Smile_other.wav,28177.8945,0.0000,136.4228,115.1761,0.0000,0.3597,0.0428,0.0800,82.6182
2025-10-11 18:24:45,Actions - One Minute Smile_vocals.wav,28177.8945,0.0000,136.4228,115.9676,0.0000,0.4303,0.0412,0.0900,82.6182
2025-10-11 18:24:46,Actions - South Of The Water_bass.wav,30457.1016,0.0000,136.7606,116.5413,0.0000,0.6336,0.0661,0.1100,89.2955
2025-10-11 18:24:47,Actions - South Of The Water_drums.wav,30457.1016,0.0000,136.7606,112.4352,0.0000,0.6762,0.0589,0.1100,89.2956
2025-10-11 18:24:48,Actions - South Of The Water_mixture.wav,30457.1016,0.0000,136.7606,120.6520,0.0000,0.7211,0.0456,0.1100,89.2955
2025-10-11 18:24:49,Actions - South Of The Water_other.wav,30457.1016,0.0000,136.7606,113.6953,0.0000,0.4476,0.0782,0.1100,89.2956
2025-10-11 18:24:50,Actions - South Of The Water_vocals.wav,30457.1016,0.0000,136.7606,114.8179,0.0000,0.7489,0.0633,0.1100,89.2956
2025-10-11 18:24:51,Aimee Norwich - Child_bass.wav,32604.6602,0.0000,137.0565,118.4809,0.0000,0.8981,0.0586,0.1100,95.5873
2025-10-11 18:24:52,Aimee Norwich - Child_drums.wav,32604.6602,0.0000,136.6796,113.4951,0.0000,0.7906,0.0724,0.1000,95.5873
2025-10-11 18:24:53,Aimee Norwich - Child_mixture.wav,32604.6602,0.0000,136.6909,120.3410,0.0000,0.4831,0.0541,0.1100,95.5873
2025-10-11 18:24:54,Aimee Norwich - Child_other.wav,32604.6602,0.0000,137.0565,112.2109,0.0000,0.4591,0.0465,0.0900,95.5873
2025-10-11 18:24:55,Aimee Norwich - Child_vocals.wav,32604.6602,0.0000,137.0565,107.9359,0.0000,0.5796,0.0471,0.1000,95.5874
2025-10-11 18:24:58,Alexander Ross - Goodbye Bolero_bass.wav,72147.7734,0.0000,140.2899,109.9187,0.0000,1.2914,0.1999,0.3300,211.4362
2025-10-11 18:25:00,Alexander Ross - Goodbye Bolero_drums.wav,72147.7734,0.0000,140.2433,111.3031,0.0000,1.6276,0.1669,0.2700,211.4362
2025-10-11 18:25:02,Alexander Ross - Goodbye Bolero_mixture.wav,72147.7734,0.0000,140.1630,119.8164,0.0000,0.9236,0.1784,0.2800,211.4364
2025-10-11 18:25:04,Alexander Ross - Goodbye Bolero_other.wav,72147.7734,0.0000,139.9739,117.2519,0.0000,1.5013,0.1950,0.2800,211.4362
2025-10-11 18:25:06,Alexander Ross - Goodbye Bolero_vocals.wav,72147.7734,0.0000,140.5059,112.8881,0.0000,1.1569,0.1426,0.2600,211.4362
2025-10-11 18:25:09,Alexander Ross - Velvet Curtain_bass.wav,88628.6797,0.0000,141.3994,110.1708,0.0000,0.9019,0.1692,0.3400,259.7203
2025-10-11 18:25:11,Alexander Ross - Velvet Curtain_drums.wav,88628.6797,0.0000,141.3994,112.8273,0.0000,1.2848,0.1877,0.3500,259.7201
2025-10-11 18:25:15,Alexander Ross - Velvet Curtain_mixture.wav,88628.6797,0.0000,141.0339,118.0499,0.0000,1.9938,0.1856,0.3500,259.7201
2025-10-11 18:25:17,Alexander Ross - Velvet Curtain_other.wav,88628.6797,0.0000,141.0339,113.3955,0.0000,1.1133,0.1989,0.3400,259.7201
2025-10-11 18:25:20,Alexander Ross - Velvet Curtain_vocals.wav,88628.6797,0.0000,141.3994,112.1321,0.0000,1.6052,0.2132,0.3500,259.7200
2025-10-11 18:25:21,Angela Thomas Wade - Milk Cow Blues_bass.wav,36363.4727,0.0000,137.5303,108.8894,0.0000,1.2214,0.0712,0.1400,106.5994
2025-10-11 18:25:22,Angela Thomas Wade - Milk Cow Blues_drums.wav,36363.4727,0.0000,137.5303,112.1421,0.0000,0.5763,0.0943,0.1500,106.5994
2025-10-11 18:25:23,Angela Thomas Wade - Milk Cow Blues_mixture.wav,36363.4727,0.0000,137.5303,118.0838,0.0000,0.6358,0.0688,0.1500,106.5994
2025-10-11 18:25:24,Angela Thomas Wade - Milk Cow Blues_other.wav,36363.4727,0.0000,137.5303,114.1033,0.0000,0.6427,0.0726,0.1400,106.5994
2025-10-11 18:25:26,Angela Thomas Wade - Milk Cow Blues_vocals.wav,36363.4727,0.0000,137.5303,111.6222,0.0000,0.9414,0.0936,0.1500,106.5994
2025-10-11 18:25:27,Atlantis Bound - It Was My Fault For Waiting_bass.wav,46207.9883,0.0000,138.5709,111.4703,0.0000,0.7614,0.0927,0.1900,135.4408
2025-10-11 18:25:29,Atlantis Bound - It Was My Fault For Waiting_drums.wav,46207.9883,0.0000,138.5709,115.4952,0.0000,1.1239,0.0862,0.1700,135.4408
2025-10-11 18:25:30,Atlantis Bound - It Was My Fault For Waiting_mixture.wav,46207.9883,0.0000,138.5709,119.2986,0.0000,1.1998,0.1805,0.1800,135.4408
2025-10-11 18:25:33,Atlantis Bound - It Was My Fault For Waiting_other.wav,46207.9883,0.0000,138.5709,111.8044,0.0000,1.6538,0.1112,0.2000,135.4407
2025-10-11 18:25:34,Atlantis Bound - It Was My Fault For Waiting_vocals.wav,46207.9883,0.0000,138.5709,113.1804,0.0000,0.5903,0.0800,0.1700,135.4407
2025-10-11 18:25:35,Auctioneer - Our Future Faces_bass.wav,35811.0430,0.0000,137.1323,116.1032,0.0000,0.4681,0.0690,0.1400,104.9810
2025-10-11 18:25:36,Auctioneer - Our Future Faces_drums.wav,35811.0430,0.0000,137.1552,109.8285,0.0000,0.7242,0.0895,0.1500,104.9809
2025-10-11 18:25:37,Auctioneer - Our Future Faces_mixture.wav,35811.0430,0.0000,137.2949,120.1946,0.0000,0.7454,0.0689,0.1500,104.9810
2025-10-11 18:25:38,Auctioneer - Our Future Faces_other.wav,35811.0430,0.0000,137.0983,114.4281,0.0000,0.9558,0.0770,0.1400,104.9810
2025-10-11 18:25:39,Auctioneer - Our Future Faces_vocals.wav,35811.0430,0.0000,137.1782,113.6344,0.0000,0.7642,0.0665,0.1300,104.9810
2025-10-11 18:25:41,AvaLuna - Waterduct_bass.wav,44669.4102,0.0000,137.9027,111.5773,0.0000,1.3639,0.0894,0.1800,130.9332
2025-10-11 18:25:43,AvaLuna - Waterduct_drums.wav,44669.4102,0.0000,138.3144,111.3588,0.0000,1.4016,0.1116,0.1900,130.9333
2025-10-11 18:25:45,AvaLuna - Waterduct_mixture.wav,44669.4102,0.0000,138.3265,116.9031,0.0000,0.8533,0.1000,0.1900,130.9332
2025-10-11 18:25:46,AvaLuna - Waterduct_other.wav,44669.4102,0.0000,138.2667,109.3564,0.0000,1.1421,0.1207,0.1700,130.9332
2025-10-11 18:25:47,AvaLuna - Waterduct_vocals.wav,44669.4102,0.0000,138.0582,109.9894,0.0000,0.4834,0.0802,0.1700,130.9332
2025-10-11 18:25:48,BigTroubles - Phantom_bass.wav,25312.0430,0.0000,135.6483,118.3919,0.0000,0.6727,0.0485,0.1000,74.2222
2025-10-11 18:25:49,BigTroubles - Phantom_drums.wav,25312.0430,0.0000,135.7176,111.0821,0.0000,0.4127,0.0514,0.0900,74.2221
2025-10-11 18:25:50,BigTroubles - Phantom_mixture.wav,25312.0430,0.0000,136.0064,121.2392,0.0000,0.9165,0.0396,0.0800,74.2222
2025-10-11 18:25:51,BigTroubles - Phantom_other.wav,25312.0430,0.0000,135.8476,114.9155,0.0000,0.8444,0.0366,0.0800,74.2222
2025-10-11 18:25:52,BigTroubles - Phantom_vocals.wav,25312.0430,0.0000,135.6369,110.4884,0.0000,0.5602,0.0542,0.0800,74.2222
2025-10-11 18:25:54,Bill Chudziak - Children Of No-one_bass.wav,39781.8672,0.0000,137.9205,110.0895,0.0000,0.9260,0.0935,0.1400,116.6142
2025-10-11 18:25:55,Bill Chudziak - Children Of No-one_drums.wav,39781.8672,0.0000,138.0075,113.8041,0.0000,0.8739,0.0646,0.1300,116.6142
2025-10-11 18:25:56,Bill Chudziak - Children Of No-one_mixture.wav,39781.8672,0.0000,137.7992,119.1648,0.0000,0.5673,0.1070,0.1500,116.6143
2025-10-11 18:25:58,Bill Chudziak - Children Of No-one_other.wav,39781.8672,0.0000,137.8594,114.8223,0.0000,0.6475,0.0897,0.1600,116.6142
2025-10-11 18:25:59,Bill Chudziak - Children Of No-one_vocals.wav,39781.8672,0.0000,137.8594,113.0186,0.0000,0.7636,0.1471,0.1600,116.6143
2025-10-11 18:26:01,Black Bloc - If You Want Success_bass.wav,68687.8867,0.0000,140.2925,113.3127,0.0000,0.7107,0.1707,0.3000,201.2998
2025-10-11 18:26:03,Black Bloc - If You Want Success_drums.wav,68687.8867,0.0000,140.2925,118.6539,0.0000,1.1135,0.1628,0.2600,201.2998
2025-10-11 18:26:05,Black Bloc - If You Want Success_mixture.wav,68687.8867,0.0000,140.2925,121.4441,0.0000,1.0324,0.1585,0.2700,201.2998
2025-10-11 18:26:09,Black Bloc - If You Want Success_other.wav,68687.8867,0.0000,140.2925,114.6638,0.0000,3.2860,0.1273,0.2700,201.2998
2025-10-11 18:26:12,Black Bloc - If You Want Success_vocals.wav,68687.8867,0.0000,140.2925,111.7527,0.0000,2.3235,0.2363,0.2600,201.2999
2025-10-11 18:26:13,Celestial Shore - Die For Us_bass.wav,48005.9922,0.0000,138.4395,116.3135,0.0000,0.7734,0.1062,0.1800,140.7084
2025-10-11 18:26:15,Celestial Shore - Die For Us_drums.wav,48005.9922,0.0000,138.0130,101.6840,0.0000,1.1539,0.1006,0.1800,140.7084
2025-10-11 18:26:17,Celestial Shore - Die For Us_mixture.wav,48005.9922,0.0000,138.4280,121.5321,0.0000,1.1303,0.0833,0.1900,140.7083
2025-10-11 18:26:18,Celestial Shore - Die For Us_other.wav,48005.9922,0.0000,138.7490,118.8823,0.0000,0.8211,0.0853,0.1800,140.7084
2025-10-11 18:26:19,Celestial Shore - Die For Us_vocals.wav,48005.9922,0.0000,138.4741,114.2267,0.0000,0.7779,0.1102,0.1900,140.7083
2025-10-11 18:26:21,Chris Durban - Celebrate_bass.wav,51987.3477,0.0000,139.0827,116.7187,0.0000,0.6674,0.1070,0.2100,152.3725
2025-10-11 18:26:22,Chris Durban - Celebrate_drums.wav,51987.3477,0.0000,139.0827,113.8847,0.0000,0.7594,0.0920,0.1900,152.3724
2025-10-11 18:26:23,Chris Durban - Celebrate_mixture.wav,51987.3477,0.0000,139.0827,121.2926,0.0000,0.7198,0.1894,0.2200,152.3726
2025-10-11 18:26:25,Chris Durban - Celebrate_other.wav,51987.3477,0.0000,139.0827,116.4581,0.0000,0.9829,0.1145,0.2000,152.3725
2025-10-11 18:26:27,Chris Durban - Celebrate_vocals.wav,51987.3477,0.0000,139.0827,112.9084,0.0000,0.8596,0.1156,0.2000,152.3724
2025-10-11 18:26:28,Clara Berry And Wooldog - Air Traffic_bass.wav,29878.7695,0.0000,136.3687,111.4293,0.0000,0.7684,0.0569,0.1200,87.6013
2025-10-11 18:26:29,Clara Berry And Wooldog - Air Traffic_drums.wav,29878.7695,0.0000,136.1345,108.3626,0.0000,0.6788,0.0475,0.1000,87.6013
2025-10-11 18:26:30,Clara Berry And Wooldog - Air Traffic_mixture.wav,29878.7695,0.0000,136.3004,115.3744,0.0000,0.8626,0.0620,0.0900,87.6013
2025-10-11 18:26:31,Clara Berry And Wooldog - Air Traffic_other.wav,29878.7695,0.0000,136.3231,108.0722,0.0000,0.7839,0.0471,0.1000,87.6012
2025-10-11 18:26:32,Clara Berry And Wooldog - Air Traffic_vocals.wav,29878.7695,0.0000,136.2667,108.6830,0.0000,0.9479,0.0455,0.0900,87.6012
2025-10-11 18:26:33,Clara Berry And Wooldog - Stella_bass.wav,33719.6562,0.0000,136.9632,115.1500,0.0000,0.7312,0.0665,0.1300,98.8538
2025-10-11 18:26:34,Clara Berry And Wooldog - Stella_drums.wav,33719.6562,0.0000,137.0573,106.4437,0.0000,0.7077,0.0574,0.1300,98.8539
2025-10-11 18:26:36,Clara Berry And Wooldog - Stella_mixture.wav,33719.6562,0.0000,136.8031,117.2674,0.0000,1.1693,0.0877,0.1300,98.8539
2025-10-11 18:26:37,Clara Berry And Wooldog - Stella_other.wav,33719.6562,0.0000,136.8710,107.7007,0.0000,0.7044,0.0720,0.1400,98.8539
2025-10-11 18:26:39,Clara Berry And Wooldog - Stella_vocals.wav,33719.6562,0.0000,136.8031,110.5035,0.0000,1.2579,0.0805,0.1300,98.8539
2025-10-11 18:26:40,Clara Berry And Wooldog - Waltz For My Victims_bass.wav,30220.6562,0.0000,136.3725,107.3879,0.0000,0.9549,0.0463,0.1100,88.6028
2025-10-11 18:26:41,Clara Berry And Wooldog - Waltz For My Victims_drums.wav,30220.6562,0.0000,136.4757,103.1819,0.0000,0.7343,0.0809,0.1000,88.6029
2025-10-11 18:26:42,Clara Berry And Wooldog - Waltz For My Victims_mixture.wav,30220.6562,0.0000,136.5578,115.9010,0.0000,0.8040,0.0472,0.0900,88.6030
2025-10-11 18:26:43,Clara Berry And Wooldog - Waltz For My Victims_other.wav,30220.6562,0.0000,136.4874,114.1814,0.0000,0.8747,0.0462,0.1000,88.6030
2025-10-11 18:26:44,Clara Berry And Wooldog - Waltz For My Victims_vocals.wav,30220.6562,0.0000,136.8263,106.6970,0.0000,0.4284,0.0449,0.0900,88.6030
2025-10-11 18:26:46,Cnoc An Tursa - Bannockburn_bass.wav,50766.8750,0.0000,138.9795,113.3100,0.0000,1.4905,0.0899,0.2100,148.7969
2025-10-11 18:26:48,Cnoc An Tursa - Bannockburn_drums.wav,50766.8750,0.0000,138.9795,118.8063,0.0000,0.8268,0.0974,0.1800,148.7970
2025-10-11 18:26:49,Cnoc An Tursa - Bannockburn_mixture.wav,50766.8750,0.0000,138.9795,122.1535,0.0000,0.6716,0.1178,0.2000,148.7969
2025-10-11 18:26:51,Cnoc An Tursa - Bannockburn_other.wav,50766.8750,0.0000,138.9795,116.9721,0.0000,1.1192,0.1292,0.2100,148.7969
2025-10-11 18:26:52,Cnoc An Tursa - Bannockburn_vocals.wav,50766.8750,0.0000,138.9795,112.2155,0.0000,0.8307,0.1396,0.2100,148.7969
2025-10-11 18:26:54,Creepoid - OldTree_bass.wav,52060.0430,0.0000,138.8610,116.7905,0.0000,1.2908,0.0960,0.2000,152.5855
2025-10-11 18:26:56,Creepoid - OldTree_drums.wav,52060.0430,0.0000,139.3031,113.7109,0.0000,0.9390,0.0929,0.2000,152.5856
2025-10-11 18:26:58,Creepoid - OldTree_mixture.wav,52060.0430,0.0000,138.8262,120.4280,0.0000,1.1408,0.1284,0.2100,152.5854
2025-10-11 18:26:59,Creepoid - OldTree_other.wav,52060.0430,0.0000,139.0520,114.3515,0.0000,1.1511,0.0963,0.2000,152.5854
2025-10-11 18:27:02,Creepoid - OldTree_vocals.wav,52060.0430,0.0000,139.0642,112.2584,0.0000,1.5253,0.1045,0.2000,152.5855
2025-10-11 18:27:03,Dark Ride - Burning Bridges_bass.wav,40111.7852,0.0000,137.9564,116.1779,0.0000,0.5626,0.0815,0.1600,117.5809
2025-10-11 18:27:04,Dark Ride - Burning Bridges_drums.wav,40111.7852,0.0000,137.9564,118.8627,0.0000,0.9288,0.1377,0.1600,117.5808
2025-10-11 18:27:05,Dark Ride - Burning Bridges_mixture.wav,40111.7852,0.0000,137.9564,122.1615,0.0000,0.6568,0.0945,0.1700,117.5808
2025-10-11 18:27:06,Dark Ride - Burning Bridges_other.wav,40111.7852,0.0000,137.9564,114.0118,0.0000,0.5425,0.1041,0.1600,117.5808
2025-10-11 18:27:08,Dark Ride - Burning Bridges_vocals.wav,40111.7852,0.0000,137.9564,113.1711,0.0000,0.9202,0.1081,0.1700,117.5807
2025-10-11 18:27:10,Dreamers Of The Ghetto - Heavy Love_bass.wav,50816.0430,0.0000,138.9837,110.4121,0.0000,1.0493,0.1242,0.2000,148.9409
2025-10-11 18:27:11,Dreamers Of The Ghetto - Heavy Love_drums.wav,50816.0430,0.0000,138.7912,112.2767,0.0000,1.2727,0.0931,0.2000,148.9410
2025-10-11 18:27:13,Dreamers Of The Ghetto - Heavy Love_mixture.wav,50816.0430,0.0000,138.8504,120.2256,0.0000,1.1700,0.1227,0.2100,148.9409
2025-10-11 18:27:15,Dreamers Of The Ghetto - Heavy Love_other.wav,50816.0430,0.0000,138.9105,116.5573,0.0000,1.1416,0.0958,0.1900,148.9410
2025-10-11 18:27:16,Dreamers Of The Ghetto - Heavy Love_vocals.wav,50816.0430,0.0000,138.8385,115.1257,0.0000,0.5949,0.1373,0.2000,148.9410
2025-10-11 18:27:18,Drumtracks - Ghost Bitch_bass.wav,61515.0195,0.0000,139.6446,113.2987,0.0000,0.8030,0.2031,0.2400,180.2855
2025-10-11 18:27:21,Drumtracks - Ghost Bitch_drums.wav,61515.0195,0.0000,139.8135,110.1813,0.0000,1.3992,0.1617,0.2300,180.2856
2025-10-11 18:27:22,Drumtracks - Ghost Bitch_mixture.wav,61515.0195,0.0000,139.6446,119.9034,0.0000,0.7861,0.1210,0.2300,180.2856
2025-10-11 18:27:24,Drumtracks - Ghost Bitch_other.wav,61515.0195,0.0000,139.8135,114.0377,0.0000,1.1843,0.1401,0.2400,180.2855
2025-10-11 18:27:26,Drumtracks - Ghost Bitch_vocals.wav,61515.0195,0.0000,139.8135,116.3753,0.0000,1.0573,0.1324,0.2400,180.2857
2025-10-11 18:27:27,Faces On Film - Waiting For Ga_bass.wav,44381.2344,0.0000,138.3957,106.5120,0.0000,0.7518,0.0803,0.1700,130.0890
2025-10-11 18:27:28,Faces On Film - Waiting For Ga_drums.wav,44381.2344,0.0000,138.2744,107.9050,0.0000,1.0126,0.1083,0.1800,130.0889
2025-10-11 18:27:30,Faces On Film - Waiting For Ga_mixture.wav,44381.2344,0.0000,138.2149,120.9708,0.0000,0.7178,0.1043,0.1800,130.0889
2025-10-11 18:27:32,Faces On Film - Waiting For Ga_other.wav,44381.2344,0.0000,138.1797,119.3409,0.0000,1.8366,0.1017,0.1900,130.0890
2025-10-11 18:27:33,Faces On Film - Waiting For Ga_vocals.wav,44381.2344,0.0000,138.2505,114.4937,0.0000,0.5369,0.1183,0.1700,130.0889
2025-10-11 18:27:34,Fergessen - Back From The Start_bass.wav,29069.0977,0.0000,136.5580,110.8851,0.0000,0.4335,0.0509,0.1100,85.2291
2025-10-11 18:27:35,Fergessen - Back From The Start_drums.wav,29069.0977,0.0000,136.5580,112.6888,0.0000,0.3429,0.0557,0.0900,85.2291
2025-10-11 18:27:35,Fergessen - Back From The Start_mixture.wav,29069.0977,0.0000,136.5580,116.9186,0.0000,0.3784,0.0658,0.0900,85.2292
2025-10-11 18:27:36,Fergessen - Back From The Start_other.wav,29069.0977,0.0000,136.5580,105.9107,0.0000,0.6056,0.0415,0.0900,85.2292
2025-10-11 18:27:37,Fergessen - Back From The Start_vocals.wav,29069.0977,0.0000,136.5580,111.5383,0.0000,0.7866,0.0577,0.0900,85.2291
2025-10-11 18:27:38,Fergessen - Nos Palpitants_bass.wav,34179.3867,0.0000,137.2613,105.2123,0.0000,0.6082,0.0658,0.1300,100.2008
2025-10-11 18:27:39,Fergessen - Nos Palpitants_drums.wav,34179.3867,0.0000,137.2613,110.0822,0.0000,0.6480,0.0651,0.1300,100.2007
2025-10-11 18:27:41,Fergessen - Nos Palpitants_mixture.wav,34179.3867,0.0000,137.2613,117.1674,0.0000,0.7246,0.0629,0.1300,100.2007
2025-10-11 18:27:42,Fergessen - Nos Palpitants_other.wav,34179.3867,0.0000,137.2613,111.1767,0.0000,0.6594,0.0618,0.1300,100.2007
2025-10-11 18:27:43,Fergessen - Nos Palpitants_vocals.wav,34179.3867,0.0000,137.2613,114.0582,0.0000,0.5098,0.1153,0.1400,100.2007
2025-10-11 18:27:44,Fergessen - The Wind_bass.wav,33075.0430,0.0000,137.1187,109.6204,0.0000,0.7966,0.0704,0.1400,96.9655
2025-10-11 18:27:45,Fergessen - The Wind_drums.wav,33075.0430,0.0000,137.1187,111.2587,0.0000,0.8625,0.0730,0.1400,96.9653
2025-10-11 18:27:46,Fergessen - The Wind_mixture.wav,33075.0430,0.0000,137.1187,119.3166,0.0000,0.8390,0.0572,0.1300,96.9654
2025-10-11 18:27:47,Fergessen - The Wind_other.wav,33075.0430,0.0000,137.1187,115.0200,0.0000,0.6016,0.0981,0.1300,96.9654
2025-10-11 18:27:48,Fergessen - The Wind_vocals.wav,33075.0430,0.0000,137.1187,114.9830,0.0000,0.6218,0.0582,0.1200,96.9654
2025-10-11 18:27:50,Flags - 54_bass.wav,54322.9297,0.0000,139.2735,109.4099,0.0000,0.8958,0.1051,0.2000,159.2151
2025-10-11 18:27:52,Flags - 54_drums.wav,54322.9297,0.0000,138.9079,118.8759,0.0000,1.0762,0.0936,0.2100,159.2150
2025-10-11 18:27:53,Flags - 54_mixture.wav,54322.9297,0.0000,138.9079,119.9710,0.0000,0.8405,0.0937,0.1900,159.2151
2025-10-11 18:27:55,Flags - 54_other.wav,54322.9297,0.0000,139.2735,106.2593,0.0000,1.0503,0.0897,0.2000,159.2151
2025-10-11 18:27:57,Flags - 54_vocals.wav,54322.9297,0.0000,139.2735,110.5272,0.0000,1.1707,0.1361,0.2200,159.2151
2025-10-11 18:27:58,Giselle - Moss_bass.wav,34778.4727,0.0000,137.3368,110.1599,0.0000,0.5899,0.0793,0.1400,101.9559
2025-10-11 18:27:59,Giselle - Moss_drums.wav,34778.4727,0.0000,137.3368,112.3766,0.0000,0.6009,0.0790,0.1400,101.9559
2025-10-11 18:28:00,Giselle - Moss_mixture.wav,34778.4727,0.0000,137.2757,118.4142,0.0000,1.0710,0.4081,0.1400,101.9558
2025-10-11 18:28:01,Giselle - Moss_other.wav,34778.4727,0.0000,137.2757,113.5136,0.0000,0.6745,0.0631,0.1400,101.9560
2025-10-11 18:28:02,Giselle - Moss_vocals.wav,34778.4727,0.0000,137.3368,112.7856,0.0000,0.6235,0.0802,0.1300,101.9559
2025-10-11 18:28:04,Grants - PunchDrunk_bass.wav,35245.9141,0.0000,137.2023,116.3611,0.0000,1.0498,0.0750,0.1400,103.3253
2025-10-11 18:28:05,Grants - PunchDrunk_drums.wav,35245.9141,0.0000,136.8628,110.7119,0.0000,0.8638,0.0634,0.1400,103.3254
2025-10-11 18:28:06,Grants - PunchDrunk_mixture.wav,35245.9141,0.0000,137.0861,119.1741,0.0000,0.7177,0.0698,0.1400,103.3253
2025-10-11 18:28:07,Grants - PunchDrunk_other.wav,35245.9141,0.0000,137.0519,111.2482,0.0000,0.8315,0.0799,0.1300,103.3254
2025-10-11 18:28:08,Grants - PunchDrunk_vocals.wav,35245.9141,0.0000,137.0976,111.9264,0.0000,0.7444,0.0732,0.1400,103.3254
2025-10-11 18:28:09,Helado Negro - Mitad Del Mundo_bass.wav,31326.6055,0.0000,136.6087,111.8111,0.0000,0.5020,0.0473,0.1100,91.8430
2025-10-11 18:28:10,Helado Negro - Mitad Del Mundo_drums.wav,31326.6055,0.0000,136.5971,106.5431,0.0000,0.7223,0.0571,0.1200,91.8430
2025-10-11 18:28:12,Helado Negro - Mitad Del Mundo_mixture.wav,31326.6055,0.0000,136.4277,117.8289,0.0000,0.9290,0.1011,0.1000,91.8430
2025-10-11 18:28:13,Helado Negro - Mitad Del Mundo_other.wav,31326.6055,0.0000,136.7735,105.3930,0.0000,1.2053,0.0478,0.0900,91.8430
2025-10-11 18:28:15,Helado Negro - Mitad Del Mundo_vocals.wav,31326.6055,0.0000,136.6435,116.0756,0.0000,0.8845,0.0474,0.0900,91.8430
2025-10-11 18:28:16,Hezekiah Jones - Borrowed Heart_bass.wav,41615.7031,0.0000,138.2792,109.9867,0.0000,0.9111,0.1099,0.1700,121.9869
2025-10-11 18:28:17,Hezekiah Jones - Borrowed Heart_drums.wav,41615.7031,0.0000,137.9592,110.4029,0.0000,0.5773,0.0895,0.1600,121.9869
2025-10-11 18:28:19,Hezekiah Jones - Borrowed Heart_mixture.wav,41615.7031,0.0000,138.0673,118.9466,0.0000,1.0479,0.0772,0.1800,121.9868
2025-10-11 18:28:20,Hezekiah Jones - Borrowed Heart_other.wav,41615.7031,0.0000,137.9473,115.8930,0.0000,1.0688,0.1058,0.1700,121.9868
2025-10-11 18:28:21,Hezekiah Jones - Borrowed Heart_vocals.wav,41615.7031,0.0000,137.9355,112.2777,0.0000,0.8811,0.0877,0.1600,121.9869
2025-10-11 18:28:23,Hollow Ground - Left Blind_bass.wav,27440.2656,0.0000,136.2830,115.0258,0.0000,1.1322,0.1099,0.1400,80.4572
2025-10-11 18:28:24,Hollow Ground - Left Blind_drums.wav,27440.2656,0.0000,135.9082,113.3372,0.0000,1.0116,0.0515,0.1100,80.4572
2025-10-11 18:28:25,Hollow Ground - Left Blind_mixture.wav,27440.2656,0.0000,136.1982,119.5270,0.0000,0.4268,0.0517,0.0900,80.4572
2025-10-11 18:28:26,Hollow Ground - Left Blind_other.wav,27440.2656,0.0000,136.3322,114.0951,0.0000,0.4362,0.3910,0.1000,80.4572
2025-10-11 18:28:27,Hollow Ground - Left Blind_vocals.wav,27440.2656,0.0000,136.1150,110.1673,0.0000,0.7913,0.0427,0.0800,80.4572
2025-10-11 18:28:29,Hop Along - Sister Cities_bass.wav,48823.8594,0.0000,138.8223,117.8141,0.0000,1.0091,0.1266,0.1900,143.1045
2025-10-11 18:28:31,Hop Along - Sister Cities_drums.wav,48823.8594,0.0000,138.4671,110.8675,0.0000,1.2069,0.0872,0.1700,143.1044
2025-10-11 18:28:32,Hop Along - Sister Cities_mixture.wav,48823.8594,0.0000,138.4331,122.1140,0.0000,1.1992,0.0929,0.1800,143.1045
2025-10-11 18:28:34,Hop Along - Sister Cities_other.wav,48823.8594,0.0000,138.6529,118.5571,0.0000,0.7335,0.1053,0.1900,143.1045
2025-10-11 18:28:35,Hop Along - Sister Cities_vocals.wav,48823.8594,0.0000,138.7368,114.5699,0.0000,0.9457,0.1233,0.1900,143.1045
2025-10-11 18:28:36,Invisible Familiars - Disturbing Wildlife_bass.wav,37673.5352,0.0000,137.4447,116.8188,0.0000,0.8022,0.0805,0.1500,110.4375
2025-10-11 18:28:38,Invisible Familiars - Disturbing Wildlife_drums.wav,37673.5352,0.0000,137.5033,110.2066,0.0000,0.6872,0.1281,0.1600,110.4375
2025-10-11 18:28:39,Invisible Familiars - Disturbing Wildlife_mixture.wav,37673.5352,0.0000,137.5270,119.0305,0.0000,1.1514,0.0874,0.1500,110.4374
2025-10-11 18:28:41,Invisible Familiars - Disturbing Wildlife_other.wav,37673.5352,0.0000,137.4564,109.2732,0.0000,0.9162,0.0672,0.1200,110.4375
2025-10-11 18:28:42,Invisible Familiars - Disturbing Wildlife_vocals.wav,37673.5352,0.0000,137.3984,110.6849,0.0000,0.6036,0.0913,0.1400,110.4375
2025-10-11 18:28:43,James May - All Souls Moon_bass.wav,38078.4375,0.0000,137.2422,107.6749,0.0000,0.7285,0.0715,0.1500,111.6237
2025-10-11 18:28:44,James May - All Souls Moon_drums.wav,38078.4375,0.0000,137.7305,109.4696,0.0000,0.4710,0.0643,0.1500,111.6237
2025-10-11 18:28:45,James May - All Souls Moon_mixture.wav,38078.4375,0.0000,137.2422,114.2838,0.0000,0.4848,0.1295,0.1500,111.6238
2025-10-11 18:28:46,James May - All Souls Moon_other.wav,38078.4375,0.0000,137.7305,108.1922,0.0000,0.7775,0.0615,0.1500,111.6237
2025-10-11 18:28:47,James May - All Souls Moon_vocals.wav,38078.4375,0.0000,137.7305,109.0129,0.0000,1.1957,0.0696,0.1400,111.6238
2025-10-11 18:28:49,James May - Dont Let Go_bass.wav,41712.9336,0.0000,138.1264,114.7443,0.0000,0.7955,0.0903,0.1600,122.2716
2025-10-11 18:29:00,James May - Dont Let Go_drums.wav,41712.9336,0.0000,138.1264,106.6527,0.0000,0.7938,0.0987,0.1500,122.2718
2025-10-11 18:29:01,James May - Dont Let Go_mixture.wav,41712.9336,0.0000,138.1264,118.3404,0.0000,1.1643,0.1063,0.3200,122.2717
2025-10-11 18:29:03,James May - Dont Let Go_other.wav,41712.9336,0.0000,138.1264,113.3876,0.0000,1.0563,0.1696,0.2400,122.2717
2025-10-11 18:29:05,James May - Dont Let Go_vocals.wav,41712.9336,0.0000,138.1264,110.8088,0.0000,1.0843,0.6589,0.2300,122.2717
2025-10-11 18:29:07,James May - If You Say_bass.wav,44530.7070,0.0000,138.2651,105.3928,0.0000,1.5358,0.1324,0.2300,130.5268
2025-10-11 18:29:08,James May - If You Say_drums.wav,44530.7070,0.0000,138.5098,105.5427,0.0000,0.8372,0.1436,0.2700,130.5270
2025-10-11 18:29:10,James May - If You Say_mixture.wav,44530.7070,0.0000,138.0788,114.4474,0.0000,1.1670,0.1227,0.2900,130.5268
2025-10-11 18:29:12,James May - If You Say_other.wav,44530.7070,0.0000,138.3130,111.6365,0.0000,1.0134,0.0991,0.2500,130.5268
2025-10-11 18:29:13,James May - If You Say_vocals.wav,44530.7070,0.0000,138.4103,109.0223,0.0000,1.0552,0.1670,0.2600,130.5269
2025-10-11 18:29:15,James May - On The Line_bass.wav,44146.9531,0.0000,138.3727,113.7358,0.0000,1.0051,0.1203,0.2600,129.4025
2025-10-11 18:29:16,James May - On The Line_drums.wav,44146.9531,0.0000,138.3727,115.6198,0.0000,0.8279,0.0848,0.2100,129.4025
2025-10-11 18:29:17,James May - On The Line_mixture.wav,44146.9531,0.0000,138.3727,120.0599,0.0000,0.7612,0.1195,0.2500,129.4025
2025-10-11 18:29:19,James May - On The Line_other.wav,44146.9531,0.0000,138.3727,113.9950,0.0000,1.2513,0.0845,0.2400,129.4026
2025-10-11 18:29:20,James May - On The Line_vocals.wav,44146.9531,0.0000,138.3727,112.1837,0.0000,0.6388,0.0719,0.2200,129.4026
2025-10-11 18:29:21,Jay Menon - Through My Eyes_bass.wav,43644.7695,0.0000,138.3230,108.7559,0.0000,1.2279,0.0838,0.2400,127.9313
2025-10-11 18:29:23,Jay Menon - Through My Eyes_drums.wav,43644.7695,0.0000,138.3230,109.1230,0.0000,1.3437,0.0883,0.2400,127.9313
2025-10-11 18:29:25,Jay Menon - Through My Eyes_mixture.wav,43644.7695,0.0000,138.3230,116.1355,0.0000,0.8838,0.3416,0.2400,127.9314
2025-10-11 18:29:26,Jay Menon - Through My Eyes_other.wav,43644.7695,0.0000,138.3230,109.7762,0.0000,0.8387,0.0882,0.2200,127.9313
2025-10-11 18:29:28,Jay Menon - Through My Eyes_vocals.wav,43644.7695,0.0000,138.3230,111.9806,0.0000,1.1906,0.1176,0.2500,127.9314
2025-10-11 18:29:29,Johnny Lokke - Promises & Lies_bass.wav,49268.0117,0.0000,138.8493,113.0909,0.0000,1.1670,0.0898,0.1900,144.4057
2025-10-11 18:29:31,Johnny Lokke - Promises & Lies_drums.wav,49268.0117,0.0000,138.8493,118.5997,0.0000,1.4266,0.1119,0.2000,144.4057
2025-10-11 18:29:33,Johnny Lokke - Promises & Lies_mixture.wav,49268.0117,0.0000,138.8493,122.8025,0.0000,1.0453,0.0858,0.2600,144.4057
2025-10-11 18:29:35,Johnny Lokke - Promises & Lies_other.wav,49268.0117,0.0000,138.8493,118.0994,0.0000,0.8986,0.0996,0.2400,144.4057
2025-10-11 18:29:36,Johnny Lokke - Promises & Lies_vocals.wav,49268.0117,0.0000,138.8493,115.3385,0.0000,1.3449,0.1153,0.2700,144.4057
2025-10-11 18:29:38,Johnny Lokke - Whisper To A Scream_bass.wav,44016.9883,0.0000,138.3599,114.6044,0.0000,0.8100,0.2703,0.2000,129.0218
2025-10-11 18:29:40,Johnny Lokke - Whisper To A Scream_drums.wav,44016.9883,0.0000,138.0056,117.6905,0.0000,1.3217,0.0739,0.2300,129.0218
2025-10-11 18:29:41,Johnny Lokke - Whisper To A Scream_mixture.wav,44016.9883,0.0000,138.1322,121.8791,0.0000,0.8043,0.1219,0.2000,129.0218
2025-10-11 18:29:43,Johnny Lokke - Whisper To A Scream_other.wav,44016.9883,0.0000,138.3476,116.7829,0.0000,1.2649,0.0761,0.1600,129.0218
2025-10-11 18:29:44,Johnny Lokke - Whisper To A Scream_vocals.wav,44016.9883,0.0000,138.2626,113.3519,0.0000,0.7355,0.0785,0.1700,129.0218
2025-10-11 18:29:45,"Jokers, Jacks & Kings - Sea Of Leaves_bass.wav",33015.0586,0.0000,137.1108,111.7305,0.0000,0.6394,0.0762,0.1300,96.7897
2025-10-11 18:29:46,"Jokers, Jacks & Kings - Sea Of Leaves_drums.wav",33015.0586,0.0000,136.9895,113.8925,0.0000,0.6198,0.0687,0.1400,96.7896
2025-10-11 18:29:47,"Jokers, Jacks & Kings - Sea Of Leaves_mixture.wav",33015.0586,0.0000,136.8482,119.0033,0.0000,0.6140,0.0653,0.1300,96.7896
2025-10-11 18:29:48,"Jokers, Jacks & Kings - Sea Of Leaves_other.wav",33015.0586,0.0000,136.8251,113.1071,0.0000,0.6605,0.0646,0.1300,96.7896
2025-10-11 18:29:49,"Jokers, Jacks & Kings - Sea Of Leaves_vocals.wav",33015.0586,0.0000,137.1108,113.5678,0.0000,0.4718,0.0696,0.1400,96.7896
2025-10-11 18:29:50,Leaf - Come Around_bass.wav,45578.1445,0.0000,138.5112,120.7985,0.0000,0.9799,0.1088,0.1700,133.5955
2025-10-11 18:29:53,Leaf - Come Around_drums.wav,45578.1445,0.0000,138.5112,104.5931,0.0000,1.3388,0.4638,0.1700,133.5956
2025-10-11 18:29:54,Leaf - Come Around_mixture.wav,45578.1445,0.0000,138.5112,122.6077,0.0000,0.5976,0.1123,0.1800,133.5955
2025-10-11 18:29:55,Leaf - Come Around_other.wav,45578.1445,0.0000,138.5112,114.3471,0.0000,0.7070,0.0776,0.1600,133.5956
2025-10-11 18:29:56,Leaf - Come Around_vocals.wav,45578.1445,0.0000,138.5112,114.9978,0.0000,0.6837,0.0811,0.1600,133.5955
2025-10-11 18:29:57,Leaf - Summerghost_bass.wav,39965.6680,0.0000,138.0527,114.5993,0.0000,0.5607,0.0890,0.1500,117.1527
2025-10-11 18:29:58,Leaf - Summerghost_drums.wav,39965.6680,0.0000,138.0527,112.4969,0.0000,0.7673,0.0886,0.1500,117.1528
2025-10-11 18:30:00,Leaf - Summerghost_mixture.wav,39965.6680,0.0000,137.7363,118.1563,0.0000,0.6517,0.0718,0.1400,117.1528
2025-10-11 18:30:01,Leaf - Summerghost_other.wav,39965.6680,0.0000,138.0527,108.6337,0.0000,0.9932,0.0857,0.1500,117.1528
2025-10-11 18:30:02,Leaf - Summerghost_vocals.wav,39965.6680,0.0000,138.0527,112.1411,0.0000,0.8033,0.0944,0.1600,117.1527
2025-10-11 18:30:04,Leaf - Wicked_bass.wav,32872.0156,0.0000,137.0919,111.1864,0.0000,1.1163,0.0951,0.1300,96.3706
2025-10-11 18:30:05,Leaf - Wicked_drums.wav,32872.0156,0.0000,137.0919,112.9622,0.0000,0.6637,0.0790,0.1300,96.3705
2025-10-11 18:30:06,Leaf - Wicked_mixture.wav,32872.0156,0.0000,137.0919,116.8687,0.0000,0.6939,0.1176,0.1300,96.3707
2025-10-11 18:30:07,Leaf - Wicked_other.wav,32872.0156,0.0000,137.0919,108.0450,0.0000,0.5958,0.0846,0.1400,96.3705
2025-10-11 18:30:08,Leaf - Wicked_vocals.wav,32872.0156,0.0000,137.0919,109.6911,0.0000,0.4414,0.0710,0.1300,96.3705
2025-10-11 18:30:12,Lushlife - Toynbee Suite_bass.wav,108278.9805,0.0000,142.0884,123.1268,0.0000,2.4616,0.2690,0.5500,317.2894
2025-10-11 18:30:15,Lushlife - Toynbee Suite_drums.wav,108278.9805,0.0000,142.4449,111.5966,0.0000,1.5812,0.1977,0.4100,317.2895
2025-10-11 18:30:19,Lushlife - Toynbee Suite_mixture.wav,108278.9805,0.0000,141.9262,123.7717,0.0000,2.3760,0.2466,0.4100,317.2894
2025-10-11 18:30:23,Lushlife - Toynbee Suite_other.wav,108278.9805,0.0000,142.2814,113.6300,0.0000,2.4659,0.2290,0.4200,317.2893
2025-10-11 18:30:26,Lushlife - Toynbee Suite_vocals.wav,108278.9805,0.0000,141.8029,108.7154,0.0000,1.3927,0.1988,0.4100,317.2894
2025-10-11 18:30:26,Matthew Entwistle - Dont You Ever_bass.wav,19641.1758,0.0000,134.5928,109.1176,0.0000,0.4500,0.0391,0.0700,57.6084
2025-10-11 18:30:27,Matthew Entwistle - Dont You Ever_drums.wav,19641.1758,0.0000,134.6394,93.3015,0.0000,0.4686,0.0315,0.0700,57.6082
2025-10-11 18:30:28,Matthew Entwistle - Dont You Ever_mixture.wav,19641.1758,0.0000,134.6983,114.6888,0.0000,0.3294,0.0318,0.0700,57.6084
2025-10-11 18:30:29,Matthew Entwistle - Dont You Ever_other.wav,19641.1758,0.0000,134.6746,109.3571,0.0000,0.8806,0.0345,0.0500,57.6083
2025-10-11 18:30:30,Matthew Entwistle - Dont You Ever_vocals.wav,19641.1758,0.0000,134.6277,110.7540,0.0000,0.7220,0.0422,0.0700,57.6084
2025-10-11 18:30:31,Meaxic - Take A Step_bass.wav,48702.0000,0.0000,138.4791,117.0841,0.0000,1.0701,0.1708,0.2000,142.7475
2025-10-11 18:30:33,Meaxic - Take A Step_drums.wav,48702.0000,0.0000,138.6540,116.7102,0.0000,0.9795,0.1216,0.1900,142.7475
2025-10-11 18:30:35,Meaxic - Take A Step_mixture.wav,48702.0000,0.0000,138.7502,121.7084,0.0000,1.2495,0.1076,0.2000,142.7474
2025-10-11 18:30:36,Meaxic - Take A Step_other.wav,48702.0000,0.0000,138.5832,112.6300,0.0000,1.2236,0.0868,0.1900,142.7475
2025-10-11 18:30:38,Meaxic - Take A Step_vocals.wav,48702.0000,0.0000,138.5832,114.1359,0.0000,0.9130,0.0902,0.1900,142.7476
2025-10-11 18:30:41,Meaxic - You Listen_bass.wav,71096.3945,0.0000,140.5543,113.4704,0.0000,1.9233,0.1587,0.2800,208.3561
2025-10-11 18:30:43,Meaxic - You Listen_drums.wav,71096.3945,0.0000,140.0766,113.3382,0.0000,1.1774,0.1484,0.2700,208.3561
2025-10-11 18:30:46,Meaxic - You Listen_mixture.wav,71096.3945,0.0000,140.4422,120.8676,0.0000,1.9554,0.2819,0.2700,208.3560
2025-10-11 18:30:48,Meaxic - You Listen_other.wav,71096.3945,0.0000,140.4176,117.0119,0.0000,1.1343,0.4674,0.2700,208.3560
2025-10-11 18:30:50,Meaxic - You Listen_vocals.wav,71096.3945,0.0000,140.4422,114.1637,0.0000,0.9018,0.1765,0.2600,208.3560
2025-10-11 18:30:50,Music Delta - 80s Rock_bass.wav,6360.0430,0.0001,129.7306,106.6097,0.0000,0.4344,0.0135,0.0500,18.6986
2025-10-11 18:30:51,Music Delta - 80s Rock_drums.wav,6360.0430,0.0001,129.5477,108.2764,0.0000,0.4906,0.0129,0.0400,18.6987
2025-10-11 18:30:52,Music Delta - 80s Rock_mixture.wav,6360.0430,0.0001,129.4481,113.4574,0.0000,0.5550,0.0142,0.0400,18.6986
2025-10-11 18:30:52,Music Delta - 80s Rock_other.wav,6360.0430,0.0001,129.9829,105.7222,0.0000,0.5680,0.0155,0.0400,18.6988
2025-10-11 18:30:53,Music Delta - 80s Rock_vocals.wav,6360.0430,0.0001,129.6268,109.2153,0.0000,0.3490,0.0140,0.0300,18.6987
2025-10-11 18:30:53,Music Delta - Beatles_bass.wav,6265.9492,0.0001,129.6079,107.1706,0.0000,0.1753,0.0135,0.0400,18.4224
2025-10-11 18:30:53,Music Delta - Beatles_drums.wav,6265.9492,0.0001,129.8203,110.7655,0.0000,0.1653,0.0115,0.0300,18.4224
2025-10-11 18:30:54,Music Delta - Beatles_mixture.wav,6265.9492,0.0001,129.5054,114.3191,0.0000,0.5405,0.0123,0.0200,18.4232
2025-10-11 18:30:54,Music Delta - Beatles_other.wav,6265.9492,0.0001,129.8568,106.9093,0.0000,0.3490,0.0150,0.0300,18.4231
2025-10-11 18:30:54,Music Delta - Beatles_vocals.wav,6265.9492,0.0001,129.8935,108.3610,0.0000,0.2951,0.0125,0.0300,18.4231
2025-10-11 18:30:55,Music Delta - Britpop_bass.wav,6337.5000,0.0001,129.9306,108.2406,0.0000,0.2771,0.0128,0.0200,18.6327
2025-10-11 18:30:55,Music Delta - Britpop_drums.wav,6337.5000,0.0001,129.5999,107.3129,0.0000,0.2346,0.0132,0.0300,18.6327
2025-10-11 18:30:56,Music Delta - Britpop_mixture.wav,6337.5000,0.0001,129.5435,114.6345,0.0000,0.5248,0.0140,0.0400,18.6327
2025-10-11 18:30:56,Music Delta - Britpop_other.wav,6337.5000,0.0001,129.9183,109.7839,0.0000,0.1699,0.0130,0.0400,18.6320
2025-10-11 18:30:56,Music Delta - Britpop_vocals.wav,6337.5000,0.0001,129.9428,109.9863,0.0000,0.3041,0.0163,0.0300,18.6328
2025-10-11 18:30:57,Music Delta - Country1_bass.wav,5985.0430,0.0001,129.6943,106.8570,0.0000,0.3176,0.0143,0.0300,17.6000
2025-10-11 18:30:57,Music Delta - Country1_drums.wav,5985.0430,0.0001,129.2061,105.3551,0.0000,0.4810,0.0152,0.0400,17.6002
2025-10-11 18:30:58,Music Delta - Country1_mixture.wav,5985.0430,0.0001,129.2171,111.6269,0.0000,0.2881,0.0141,0.0200,17.6002
2025-10-11 18:30:58,Music Delta - Country1_other.wav,5985.0430,0.0001,129.5018,102.8861,0.0000,0.2226,0.0153,0.0300,17.6023
2025-10-11 18:30:59,Music Delta - Country1_vocals.wav,5985.0430,0.0001,129.6943,107.4632,0.0000,0.5608,0.0158,0.0300,17.6002
2025-10-11 18:30:59,Music Delta - Country2_bass.wav,3006.9180,0.0002,126.7048,102.7691,0.0000,0.4855,0.0077,0.0300,8.8752
2025-10-11 18:30:59,Music Delta - Country2_drums.wav,3006.9180,0.0002,126.3393,105.5504,0.0000,0.2167,0.0081,0.0200,8.8750
2025-10-11 18:31:00,Music Delta - Country2_mixture.wav,3006.9180,0.0002,126.3393,109.8647,0.0000,0.2449,0.0084,0.0100,8.8752
2025-10-11 18:31:00,Music Delta - Country2_other.wav,3006.9180,0.0002,126.7048,99.5296,0.0000,0.4753,0.0091,0.0200,8.8751
2025-10-11 18:31:00,Music Delta - Country2_vocals.wav,3006.9180,0.0002,126.7048,105.7557,0.0000,0.2549,0.0082,0.0200,8.8752
2025-10-11 18:31:01,Music Delta - Disco_bass.wav,21495.3398,0.0000,135.3973,109.8501,0.0000,0.5350,0.0368,0.0800,63.0406
2025-10-11 18:31:02,Music Delta - Disco_drums.wav,21495.3398,0.0000,134.7370,112.6632,0.0000,0.5383,0.0371,0.0800,63.0404
2025-10-11 18:31:03,Music Delta - Disco_mixture.wav,21495.3398,0.0000,135.0311,116.6317,0.0000,0.7792,0.0633,0.0700,63.0406
2025-10-11 18:31:04,Music Delta - Disco_other.wav,21495.3398,0.0000,135.2348,105.5765,0.0000,0.7079,0.0329,0.0700,63.0404
2025-10-11 18:31:04,Music Delta - Disco_vocals.wav,21495.3398,0.0000,135.2471,111.7655,0.0000,0.4600,0.0360,0.0700,63.0405
2025-10-11 18:31:05,Music Delta - Gospel_bass.wav,13046.9766,0.0001,133.0788,109.0911,0.0000,0.4653,0.0378,0.0400,38.2893
2025-10-11 18:31:06,Music Delta - Gospel_drums.wav,13046.9766,0.0001,133.0788,111.6035,0.0000,0.6266,0.0208,0.0500,38.2894
2025-10-11 18:31:06,Music Delta - Gospel_mixture.wav,13046.9766,0.0001,133.0665,117.3550,0.0000,0.5581,0.0236,0.0500,38.2894
2025-10-11 18:31:07,Music Delta - Gospel_other.wav,13046.9766,0.0001,133.0788,104.3771,0.0000,0.7859,0.0216,0.0500,38.2894
2025-10-11 18:31:08,Music Delta - Gospel_vocals.wav,13046.9766,0.0001,133.0665,114.6613,0.0000,0.7616,0.0207,0.0400,38.2895
2025-10-11 18:31:09,Music Delta - Grunge_bass.wav,7210.0742,0.0001,130.5031,101.0122,0.0000,0.4141,0.0133,0.0400,21.1891
2025-10-11 18:31:09,Music Delta - Grunge_drums.wav,7210.0742,0.0001,130.2405,110.1918,0.0000,0.6386,0.0212,0.0400,21.1890
2025-10-11 18:31:10,Music Delta - Grunge_mixture.wav,7210.0742,0.0001,130.2405,112.7611,0.0000,0.2439,0.0164,0.0300,21.1889
2025-10-11 18:31:10,Music Delta - Grunge_other.wav,7210.0742,0.0001,130.5031,105.0146,0.0000,0.3342,0.0220,0.0300,21.1892
2025-10-11 18:31:11,Music Delta - Grunge_vocals.wav,7210.0742,0.0001,130.5031,106.5933,0.0000,0.2334,0.0190,0.0400,21.1888
2025-10-11 18:31:11,Music Delta - Hendrix_bass.wav,3418.4727,0.0002,127.1767,106.1441,0.0000,0.1983,0.0170,0.0200,10.0801
2025-10-11 18:31:11,Music Delta - Hendrix_drums.wav,3418.4727,0.0002,126.8179,107.3890,0.0000,0.2704,0.0092,0.0300,10.0810
2025-10-11 18:31:12,Music Delta - Hendrix_mixture.wav,3418.4727,0.0002,126.9533,111.7067,0.0000,0.4274,0.0095,0.0200,10.0808
2025-10-11 18:31:12,Music Delta - Hendrix_other.wav,3418.4727,0.0002,126.8738,101.1066,0.0000,0.1787,0.0110,0.0300,10.0801
2025-10-11 18:31:12,Music Delta - Hendrix_vocals.wav,3418.4727,0.0002,126.9994,106.1412,0.0000,0.1906,0.0114,0.0200,10.0801
2025-10-11 18:31:12,Music Delta - Punk_bass.wav,4954.8398,0.0002,128.5311,107.6932,0.0000,0.4097,0.0110,0.0200,14.5820
2025-10-11 18:31:13,Music Delta - Punk_drums.wav,4954.8398,0.0001,128.7766,109.4816,0.0000,0.3983,0.0109,0.0200,14.5820
2025-10-11 18:31:13,Music Delta - Punk_mixture.wav,4954.8398,0.0001,128.8007,114.0027,0.0000,0.2500,0.0123,0.0400,14.5819
2025-10-11 18:31:14,Music Delta - Punk_other.wav,4954.8398,0.0001,128.6580,104.4484,0.0000,0.5541,0.0107,0.0300,14.5820
2025-10-11 18:31:14,Music Delta - Punk_vocals.wav,4954.8398,0.0001,128.8739,108.5193,0.0000,0.1552,0.0113,0.0300,14.5812
2025-10-11 18:31:14,Music Delta - Reggae_bass.wav,3008.2617,0.0002,126.5143,104.0608,0.0000,0.3211,0.0078,0.0100,8.8792
2025-10-11 18:31:15,Music Delta - Reggae_drums.wav,3008.2617,0.0002,126.4211,108.3579,0.0000,0.4666,0.0297,0.0100,8.8792
2025-10-11 18:31:15,Music Delta - Reggae_mixture.wav,3008.2617,0.0002,126.5735,111.5821,0.0000,0.2697,0.0090,0.0300,8.8792
2025-10-11 18:31:15,Music Delta - Reggae_other.wav,3008.2617,0.0002,126.7068,91.5384,0.0000,0.2040,0.0082,0.0200,8.8809
2025-10-11 18:31:16,Music Delta - Reggae_vocals.wav,3008.2617,0.0003,126.2739,106.2407,0.0000,0.3703,0.0096,0.0200,8.8791
2025-10-11 18:31:16,Music Delta - Rock_bass.wav,2255.1992,0.0003,125.1583,103.4229,0.0000,0.2107,0.0090,0.0100,6.6727
2025-10-11 18:31:16,Music Delta - Rock_drums.wav,2255.1992,0.0003,125.0114,102.6957,0.0000,0.2040,0.0073,0.0300,6.6747
2025-10-11 18:31:16,Music Delta - Rock_mixture.wav,2255.1992,0.0003,125.1583,110.0240,0.0000,0.1580,0.0078,0.0200,6.6722
2025-10-11 18:31:17,Music Delta - Rock_other.wav,2255.1992,0.0003,124.8801,101.5785,0.0000,0.1759,0.0086,0.0100,6.6729
2025-10-11 18:31:17,Music Delta - Rock_vocals.wav,2255.1992,0.0003,125.2984,106.5760,0.0000,0.2342,0.0065,0.0100,6.6730
2025-10-11 18:31:17,Music Delta - Rockabilly_bass.wav,4470.1914,0.0002,128.0840,101.4728,0.0000,0.5105,0.0121,0.0300,13.1620
2025-10-11 18:31:18,Music Delta - Rockabilly_drums.wav,4470.1914,0.0002,128.1297,107.7283,0.0000,0.2432,0.0110,0.0200,13.1621
2025-10-11 18:31:18,Music Delta - Rockabilly_mixture.wav,4470.1914,0.0002,128.1412,112.1698,0.0000,0.2292,0.0096,0.0300,13.1638
2025-10-11 18:31:18,Music Delta - Rockabilly_other.wav,4470.1914,0.0002,128.2817,105.3659,0.0000,0.1874,0.0098,0.0200,13.1614
2025-10-11 18:31:18,Music Delta - Rockabilly_vocals.wav,4470.1914,0.0002,128.4269,107.9314,0.0000,0.2145,0.0123,0.0300,13.1619
2025-10-11 18:31:20,Night Panther - Fire_bass.wav,36691.9492,0.0000,137.4601,108.4181,0.0000,0.5972,0.1484,0.2500,107.5618
2025-10-11 18:31:21,Night Panther - Fire_drums.wav,36691.9492,0.0000,137.3300,111.3296,0.0000,0.8532,0.0696,0.1500,107.5619
2025-10-11 18:31:22,Night Panther - Fire_mixture.wav,36691.9492,0.0000,137.3651,118.5617,0.0000,0.7936,0.1189,0.1600,107.5619
2025-10-11 18:31:24,Night Panther - Fire_other.wav,36691.9492,0.0000,137.5083,112.8768,0.0000,0.9625,0.0993,0.1500,107.5617
2025-10-11 18:31:25,Night Panther - Fire_vocals.wav,36691.9492,0.0000,137.6942,115.4761,0.0000,1.1865,0.0661,0.1400,107.5618
2025-10-11 18:31:27,North To Alaska - All The Same_bass.wav,42746.5273,0.0000,138.0520,108.0603,0.0000,0.7660,0.0802,0.1800,125.2999
2025-10-11 18:31:28,North To Alaska - All The Same_drums.wav,42746.5273,0.0000,138.0638,109.2664,0.0000,0.9377,0.1030,0.1700,125.2997
2025-10-11 18:31:29,North To Alaska - All The Same_mixture.wav,42746.5273,0.0000,137.9470,117.2971,0.0000,0.4708,0.0986,0.1700,125.2998
2025-10-11 18:31:31,North To Alaska - All The Same_other.wav,42746.5273,0.0000,138.0638,114.1680,0.0000,0.8542,0.1030,0.1700,125.2999
2025-10-11 18:31:32,North To Alaska - All The Same_vocals.wav,42746.5273,0.0000,138.0638,111.5446,0.0000,0.8727,0.0923,0.1700,125.2998
2025-10-11 18:31:33,Patrick Talbot - A Reason To Leave_bass.wav,44745.2695,0.0000,138.4312,110.6742,0.0000,0.9953,0.0816,0.1900,131.1556
2025-10-11 18:31:35,Patrick Talbot - A Reason To Leave_drums.wav,44745.2695,0.0000,138.4312,111.1871,0.0000,0.9230,0.1087,0.1700,131.1555
2025-10-11 18:31:36,Patrick Talbot - A Reason To Leave_mixture.wav,44745.2695,0.0000,138.4312,117.4551,0.0000,0.8093,0.1060,0.1700,131.1555
2025-10-11 18:31:38,Patrick Talbot - A Reason To Leave_other.wav,44745.2695,0.0000,138.4312,111.9408,0.0000,0.7637,0.1081,0.1800,131.1555
2025-10-11 18:31:39,Patrick Talbot - A Reason To Leave_vocals.wav,44745.2695,0.0000,138.4312,111.8433,0.0000,0.9120,0.1130,0.1700,131.1556
2025-10-11 18:31:41,Patrick Talbot - Set Me Free_bass.wav,49953.9961,0.0000,138.9094,109.4121,0.0000,1.5088,0.1064,0.2000,146.4155
2025-10-11 18:31:43,Patrick Talbot - Set Me Free_drums.wav,49953.9961,0.0000,138.9094,112.5722,0.0000,1.2105,0.0940,0.1900,146.4156
2025-10-11 18:31:45,Patrick Talbot - Set Me Free_mixture.wav,49953.9961,0.0000,138.9094,118.0718,0.0000,0.8272,0.0913,0.1900,146.4154
2025-10-11 18:31:46,Patrick Talbot - Set Me Free_other.wav,49953.9961,0.0000,138.9094,112.8165,0.0000,0.7887,0.0932,0.1800,146.4154
2025-10-11 18:31:47,Patrick Talbot - Set Me Free_vocals.wav,49953.9961,0.0000,138.9094,112.5829,0.0000,0.9484,0.1198,0.2000,146.4156
2025-10-11 18:31:48,Phre The Eon - Everybody's Falling Apart_bass.wav,38659.8320,0.0000,137.7963,110.7378,0.0000,0.5542,0.0699,0.1600,113.3271
2025-10-11 18:31:49,Phre The Eon - Everybody's Falling Apart_drums.wav,38659.8320,0.0000,137.7963,117.6720,0.0000,0.7522,0.0854,0.1500,113.3271
2025-10-11 18:31:51,Phre The Eon - Everybody's Falling Apart_mixture.wav,38659.8320,0.0000,137.7963,120.3390,0.0000,0.8691,0.1387,0.1600,113.3271
2025-10-11 18:31:52,Phre The Eon - Everybody's Falling Apart_other.wav,38659.8320,0.0000,137.7963,114.6255,0.0000,1.0402,0.0880,0.1500,113.3271
2025-10-11 18:31:53,Phre The Eon - Everybody's Falling Apart_vocals.wav,38659.8320,0.0000,137.7963,109.5836,0.0000,0.4192,0.0711,0.1500,113.3271
2025-10-11 18:31:55,Port St Willow - Stay Even_bass.wav,54610.7930,0.0000,139.2965,103.5286,0.0000,0.9626,0.1080,0.2100,160.0584
2025-10-11 18:31:56,Port St Willow - Stay Even_drums.wav,54610.7930,0.0000,139.2965,110.9370,0.0000,0.8243,0.1145,0.2200,160.0583
2025-10-11 18:31:59,Port St Willow - Stay Even_mixture.wav,54610.7930,0.0000,139.2965,118.6068,0.0000,1.4565,0.1320,0.2100,160.0583
2025-10-11 18:32:01,Port St Willow - Stay Even_other.wav,54610.7930,0.0000,139.2965,116.3332,0.0000,1.2937,0.1053,0.2100,160.0584
2025-10-11 18:32:02,Port St Willow - Stay Even_vocals.wav,54610.7930,0.0000,139.2965,111.8019,0.0000,1.0990,0.1431,0.2200,160.0584
2025-10-11 18:32:04,Remember December - C U Next Time_bass.wav,41811.2305,0.0000,138.1366,114.3050,0.0000,1.3471,0.0990,0.1800,122.5596
2025-10-11 18:32:06,Remember December - C U Next Time_drums.wav,41811.2305,0.0000,138.1366,114.8692,0.0000,0.9621,0.0743,0.1700,122.5596
2025-10-11 18:32:07,Remember December - C U Next Time_mixture.wav,41811.2305,0.0000,138.1366,121.1007,0.0000,0.5293,0.1014,0.1700,122.5598
2025-10-11 18:32:08,Remember December - C U Next Time_other.wav,41811.2305,0.0000,138.1366,115.6290,0.0000,0.6023,0.0824,0.1800,122.5596
2025-10-11 18:32:09,Remember December - C U Next Time_vocals.wav,41811.2305,0.0000,138.1366,115.4831,0.0000,0.8352,0.0762,0.1600,122.5597
2025-10-11 18:32:11,Secret Mountains - High Horse_bass.wav,61240.5430,0.0000,139.4969,114.6004,0.0000,1.1676,0.1350,0.2400,179.4815
2025-10-11 18:32:14,Secret Mountains - High Horse_drums.wav,61240.5430,0.0000,139.4398,110.2990,0.0000,1.7866,0.1775,0.2400,179.4815
2025-10-11 18:32:17,Secret Mountains - High Horse_mixture.wav,61240.5430,0.0000,139.6728,121.7053,0.0000,1.7353,0.1550,0.2500,179.4815
2025-10-11 18:32:19,Secret Mountains - High Horse_other.wav,61240.5430,0.0000,139.6016,119.0574,0.0000,1.0689,0.1976,0.2500,179.4816
2025-10-11 18:32:21,Secret Mountains - High Horse_vocals.wav,61240.5430,0.0000,139.6133,113.9310,0.0000,1.5116,0.1181,0.2200,179.4815
2025-10-11 18:32:23,Skelpolu - Human Mistakes_bass.wav,55932.2305,0.0000,138.9897,120.8074,0.0000,1.3209,0.1175,0.2200,163.9296
2025-10-11 18:32:25,Skelpolu - Human Mistakes_drums.wav,55932.2305,0.0000,139.0574,116.5893,0.0000,1.1483,0.1161,0.2200,163.9298
2025-10-11 18:32:26,Skelpolu - Human Mistakes_mixture.wav,55932.2305,0.0000,138.9786,123.4293,0.0000,1.1409,0.1298,0.2200,163.9298
2025-10-11 18:32:29,Skelpolu - Human Mistakes_other.wav,55932.2305,0.0000,139.0347,115.7074,0.0000,1.7770,0.1089,0.2200,163.9298
2025-10-11 18:32:31,Skelpolu - Human Mistakes_vocals.wav,55932.2305,0.0000,139.4003,112.7401,0.0000,1.0790,0.1471,0.2200,163.9298
2025-10-11 18:32:32,Skelpolu - Together Alone_bass.wav,56158.6406,0.0000,139.4178,113.4950,0.0000,0.7550,0.1702,0.2200,164.5931
2025-10-11 18:32:34,Skelpolu - Together Alone_drums.wav,56158.6406,0.0000,139.4178,117.4319,0.0000,1.2834,0.1047,0.2100,164.5931
2025-10-11 18:32:36,Skelpolu - Together Alone_mixture.wav,56158.6406,0.0000,139.3205,121.1841,0.0000,1.1231,0.1336,0.2200,164.5932
2025-10-11 18:32:37,Skelpolu - Together Alone_other.wav,56158.6406,0.0000,139.3447,114.7873,0.0000,0.8038,0.1260,0.2200,164.5931
2025-10-11 18:32:39,Skelpolu - Together Alone_vocals.wav,56158.6406,0.0000,139.3205,113.8979,0.0000,0.7491,0.1153,0.2200,164.5931
2025-10-11 18:32:41,Snowmine - Curfews_bass.wav,47406.6367,0.0000,138.4195,118.5510,0.0000,1.2275,0.0911,0.1800,138.9525
2025-10-11 18:32:42,Snowmine - Curfews_drums.wav,47406.6367,0.0000,138.2270,106.5821,0.0000,0.9052,0.1218,0.1900,138.9525
2025-10-11 18:32:44,Snowmine - Curfews_mixture.wav,47406.6367,0.0000,138.0853,121.0083,0.0000,1.0436,0.1350,0.2100,138.9523
2025-10-11 18:32:45,Snowmine - Curfews_other.wav,47406.6367,0.0000,138.5132,116.2899,0.0000,0.7469,0.1047,0.1800,138.9526
2025-10-11 18:32:47,Snowmine - Curfews_vocals.wav,47406.6367,0.0000,138.4544,112.5512,0.0000,0.7390,0.1359,0.1900,138.9524
2025-10-11 18:32:48,Spike Mullings - Mike's Sulking_bass.wav,44250.7734,0.0000,138.3829,114.5775,0.0000,1.2213,0.0817,0.1800,129.7067
2025-10-11 18:32:50,Spike Mullings - Mike's Sulking_drums.wav,44250.7734,0.0000,138.3829,114.5974,0.0000,1.4269,0.1076,0.1700,129.7067
2025-10-11 18:32:51,Spike Mullings - Mike's Sulking_mixture.wav,44250.7734,0.0000,138.3584,121.0585,0.0000,0.6782,0.0811,0.1900,129.7068
2025-10-11 18:32:53,Spike Mullings - Mike's Sulking_other.wav,44250.7734,0.0000,138.3584,117.1789,0.0000,0.8742,0.1212,0.1800,129.7068
2025-10-11 18:32:54,Spike Mullings - Mike's Sulking_vocals.wav,44250.7734,0.0000,138.3829,112.9464,0.0000,0.8368,0.0908,0.1700,129.7067
2025-10-11 18:32:55,St Vitus - Word Gets Around_bass.wav,42585.7969,0.0000,138.2163,112.0773,0.0000,0.6048,0.0780,0.1600,124.8289
2025-10-11 18:32:57,St Vitus - Word Gets Around_drums.wav,42585.7969,0.0000,138.2163,112.5916,0.0000,0.7968,0.1759,0.1800,124.8289
2025-10-11 18:32:58,St Vitus - Word Gets Around_mixture.wav,42585.7969,0.0000,138.2163,117.7593,0.0000,0.8271,0.0982,0.1800,124.8289
2025-10-11 18:33:00,St Vitus - Word Gets Around_other.wav,42585.7969,0.0000,138.2163,104.0992,0.0000,1.0561,0.0820,0.1600,124.8288
2025-10-11 18:33:01,St Vitus - Word Gets Around_vocals.wav,42585.7969,0.0000,138.2163,113.5735,0.0000,0.7145,0.1053,0.1700,124.8289
2025-10-11 18:33:02,Steven Clark - Bounty_bass.wav,49864.3047,0.0000,138.6622,114.8963,0.0000,0.6912,0.1053,0.2100,146.1526
2025-10-11 18:33:04,Steven Clark - Bounty_drums.wav,49864.3047,0.0000,138.7327,110.3121,0.0000,1.1046,0.1149,0.2000,146.1526
2025-10-11 18:33:06,Steven Clark - Bounty_mixture.wav,49864.3047,0.0000,138.7327,120.4146,0.0000,1.0101,0.1025,0.2100,146.1525
2025-10-11 18:33:07,Steven Clark - Bounty_other.wav,49864.3047,0.0000,138.5473,116.1357,0.0000,0.9253,0.0958,0.2000,146.1527
2025-10-11 18:33:09,Steven Clark - Bounty_vocals.wav,49864.3047,0.0000,138.4910,113.7193,0.0000,1.0158,0.1094,0.2000,146.1527
2025-10-11 18:33:10,Strand Of Oaks - Spacestation_bass.wav,42009.0430,0.0000,137.6689,100.7092,0.0000,0.9510,0.1451,0.1800,123.1391
2025-10-11 18:33:12,Strand Of Oaks - Spacestation_drums.wav,42009.0430,0.0000,137.7020,113.2966,0.0000,1.0394,0.1172,0.1800,123.1393
2025-10-11 18:33:13,Strand Of Oaks - Spacestation_mixture.wav,42009.0430,0.0000,137.9646,117.8810,0.0000,0.7870,0.1156,0.1700,123.1393
2025-10-11 18:33:15,Strand Of Oaks - Spacestation_other.wav,42009.0430,0.0000,138.0598,113.4573,0.0000,1.1611,0.0892,0.1800,123.1391
2025-10-11 18:33:16,Strand Of Oaks - Spacestation_vocals.wav,42009.0430,0.0000,137.6143,111.5900,0.0000,0.5542,0.0808,0.1700,123.1394
2025-10-11 18:33:18,Sweet Lights - You Let Me Down_bass.wav,67525.0430,0.0000,140.6310,108.1260,0.0000,1.0348,0.1271,0.2900,197.8931
2025-10-11 18:33:20,Sweet Lights - You Let Me Down_drums.wav,67525.0430,0.0000,140.0376,112.7394,0.0000,1.4574,0.1379,0.2600,197.8930
2025-10-11 18:33:23,Sweet Lights - You Let Me Down_mixture.wav,67525.0430,0.0000,140.3813,121.0270,0.0000,1.4236,0.1462,0.2700,197.8931
2025-10-11 18:33:25,Sweet Lights - You Let Me Down_other.wav,67525.0430,0.0000,140.0613,117.0264,0.0000,0.8663,0.2034,0.2500,197.8931
2025-10-11 18:33:27,Sweet Lights - You Let Me Down_vocals.wav,67525.0430,0.0000,139.7743,115.9288,0.0000,1.4389,0.1653,0.2700,197.8930
2025-10-11 18:33:28,Swinging Steaks - Lost My Way_bass.wav,53427.7695,0.0000,139.2014,116.4966,0.0000,0.8640,0.1205,0.2100,156.5926
2025-10-11 18:33:30,Swinging Steaks - Lost My Way_drums.wav,53427.7695,0.0000,139.2014,110.5718,0.0000,1.2969,0.1394,0.2200,156.5925
2025-10-11 18:33:32,Swinging Steaks - Lost My Way_mixture.wav,53427.7695,0.0000,139.2014,121.7257,0.0000,0.8207,0.1042,0.2000,156.5926
2025-10-11 18:33:33,Swinging Steaks - Lost My Way_other.wav,53427.7695,0.0000,139.2014,118.5063,0.0000,0.9469,0.1213,0.2200,156.5925
2025-10-11 18:33:35,Swinging Steaks - Lost My Way_vocals.wav,53427.7695,0.0000,139.2014,113.4287,0.0000,1.1598,0.1179,0.2200,156.5925
2025-10-11 18:33:37,The Districts - Vermont_bass.wav,39302.9609,0.0000,137.5137,84.7308,0.0000,1.2395,0.0874,0.1700,115.2111
2025-10-11 18:33:38,The Districts - Vermont_drums.wav,39302.9609,0.0000,137.6054,99.3086,0.0000,0.6823,0.1526,0.1500,115.2113
2025-10-11 18:33:40,The Districts - Vermont_mixture.wav,39302.9609,0.0000,137.8069,120.3353,0.0000,1.1362,0.0803,0.1600,115.2112
2025-10-11 18:33:41,The Districts - Vermont_other.wav,39302.9609,0.0000,137.4128,118.1629,0.0000,0.5980,0.1109,0.1600,115.2112
2025-10-11 18:33:42,The Districts - Vermont_vocals.wav,39302.9609,0.0000,138.0437,115.7205,0.0000,0.9616,0.0762,0.1500,115.2111
2025-10-11 18:33:43,The Long Wait - Back Home To Blue_bass.wav,44900.7344,0.0000,138.2773,116.7119,0.0000,0.7016,0.1133,0.1800,131.6110
2025-10-11 18:33:45,The Long Wait - Back Home To Blue_drums.wav,44900.7344,0.0000,138.2185,110.6658,0.0000,0.7208,0.1033,0.1900,131.6109
2025-10-11 18:33:46,The Long Wait - Back Home To Blue_mixture.wav,44900.7344,0.0000,138.5458,120.2080,0.0000,0.8990,0.0814,0.1700,131.6109
2025-10-11 18:33:48,The Long Wait - Back Home To Blue_other.wav,44900.7344,0.0000,138.1952,113.4174,0.0000,0.9386,0.0961,0.1900,131.6109
2025-10-11 18:33:49,The Long Wait - Back Home To Blue_vocals.wav,44900.7344,0.0000,138.4462,112.6820,0.0000,1.0183,0.0886,0.1800,131.6109
2025-10-11 18:33:52,The Scarlet Brand - Les Fleurs Du Mal_bass.wav,52306.3203,0.0000,139.1092,113.6537,0.0000,1.4230,0.1693,0.2100,153.3070
2025-10-11 18:33:53,The Scarlet Brand - Les Fleurs Du Mal_drums.wav,52306.3203,0.0000,139.1092,114.6361,0.0000,1.0056,0.1070,0.2000,153.3070
2025-10-11 18:33:55,The Scarlet Brand - Les Fleurs Du Mal_mixture.wav,52306.3203,0.0000,138.8467,119.0327,0.0000,1.1898,0.1188,0.2000,153.3070
2025-10-11 18:33:57,The Scarlet Brand - Les Fleurs Du Mal_other.wav,52306.3203,0.0000,138.8467,111.5574,0.0000,1.1094,0.1064,0.2000,153.3070
2025-10-11 18:33:58,The Scarlet Brand - Les Fleurs Du Mal_vocals.wav,52306.3203,0.0000,139.1092,112.3833,0.0000,1.0927,0.1053,0.2000,153.3070
2025-10-11 18:33:59,The So So Glos - Emergency_bass.wav,28768.4023,0.0000,136.1023,111.9414,0.0000,0.4280,0.0788,0.1200,84.3483
2025-10-11 18:34:00,The So So Glos - Emergency_drums.wav,28768.4023,0.0000,136.3915,113.7091,0.0000,0.3888,0.0477,0.0900,84.3483
2025-10-11 18:34:01,The So So Glos - Emergency_mixture.wav,28768.4023,0.0000,136.0911,118.7121,0.0000,0.7819,0.0430,0.0800,84.3482
2025-10-11 18:34:02,The So So Glos - Emergency_other.wav,28768.4023,0.0000,136.0467,113.4338,0.0000,0.6192,0.0553,0.0900,84.3483
2025-10-11 18:34:03,The So So Glos - Emergency_vocals.wav,28768.4023,0.0000,136.1813,111.6929,0.0000,0.5567,0.1289,0.1000,84.3483
2025-10-11 18:34:04,The Wrong'Uns - Rothko_bass.wav,34856.1445,0.0000,137.3465,111.7125,0.0000,0.6915,0.0929,0.1400,102.1835
2025-10-11 18:34:05,The Wrong'Uns - Rothko_drums.wav,34856.1445,0.0000,137.3465,112.9479,0.0000,0.5101,0.0761,0.1400,102.1834
2025-10-11 18:34:06,The Wrong'Uns - Rothko_mixture.wav,34856.1445,0.0000,136.9136,118.4729,0.0000,0.6342,0.0804,0.1400,102.1835
2025-10-11 18:34:07,The Wrong'Uns - Rothko_other.wav,34856.1445,0.0000,137.0378,113.1138,0.0000,0.7736,0.0895,0.1400,102.1835
2025-10-11 18:34:09,The Wrong'Uns - Rothko_vocals.wav,34856.1445,0.0000,137.1894,113.1276,0.0000,1.0448,0.0779,0.1300,102.1835
2025-10-11 18:34:10,Tim Taler - Stalker_bass.wav,40967.9414,0.0000,138.0481,110.4176,0.0000,0.6721,0.0896,0.1600,120.0890
2025-10-11 18:34:11,Tim Taler - Stalker_drums.wav,40967.9414,0.0000,137.5380,109.0715,0.0000,0.8292,0.1049,0.1600,120.0890
2025-10-11 18:34:12,Tim Taler - Stalker_mixture.wav,40967.9414,0.0000,137.5380,116.4402,0.0000,0.6425,0.0749,0.1600,120.0890
2025-10-11 18:34:14,Tim Taler - Stalker_other.wav,40967.9414,0.0000,138.0481,111.6323,0.0000,0.8093,0.1033,0.1500,120.0890
2025-10-11 18:34:16,Tim Taler - Stalker_vocals.wav,40967.9414,0.0000,138.0481,111.8193,0.0000,1.4114,0.0661,0.1500,120.0891
2025-10-11 18:34:17,Titanium - Haunted Age_bass.wav,42771.6680,0.0000,138.2352,112.3823,0.0000,0.6648,0.0929,0.1700,125.3734
2025-10-11 18:34:18,Titanium - Haunted Age_drums.wav,42771.6680,0.0000,137.6815,111.3743,0.0000,0.8572,0.1045,0.1700,125.3734
2025-10-11 18:34:19,Titanium - Haunted Age_mixture.wav,42771.6680,0.0000,138.0310,118.9383,0.0000,0.7072,0.1485,0.1700,125.3735
2025-10-11 18:34:21,Titanium - Haunted Age_other.wav,42771.6680,0.0000,137.9843,115.7975,0.0000,1.0096,0.0748,0.1600,125.3734
2025-10-11 18:34:22,Titanium - Haunted Age_vocals.wav,42771.6680,0.0000,138.2352,109.4917,0.0000,0.8622,0.1061,0.1700,125.3734
2025-10-11 18:34:25,Traffic Experiment - Once More (With Feeling)_bass.wav,74980.8242,0.0000,140.6732,117.5914,0.0000,1.6800,0.1542,0.2900,219.7362
2025-10-11 18:34:27,Traffic Experiment - Once More (With Feeling)_drums.wav,74980.8242,0.0000,140.0657,113.0008,0.0000,1.2770,0.1461,0.2900,219.7361
2025-10-11 18:34:29,Traffic Experiment - Once More (With Feeling)_mixture.wav,74980.8242,0.0000,140.4338,122.0314,0.0000,1.2385,0.1331,0.2900,219.7363
2025-10-11 18:34:33,Traffic Experiment - Once More (With Feeling)_other.wav,74980.8242,0.0000,140.2851,117.9679,0.0000,2.0857,0.1718,0.2900,219.7363
2025-10-11 18:34:35,Traffic Experiment - Once More (With Feeling)_vocals.wav,74980.8242,0.0000,140.6732,113.0491,0.0000,0.9438,0.1550,0.2900,219.7363
2025-10-11 18:34:37,Traffic Experiment - Sirens_bass.wav,72603.0156,0.0000,140.5332,111.7978,0.0000,1.5124,0.1429,0.2900,212.7700
2025-10-11 18:34:40,Traffic Experiment - Sirens_drums.wav,72603.0156,0.0000,140.3290,113.7263,0.0000,1.4665,0.1335,0.2600,212.7698
2025-10-11 18:34:42,Traffic Experiment - Sirens_mixture.wav,72603.0156,0.0000,140.2361,122.1937,0.0000,1.2494,0.1576,0.2800,212.7699
2025-10-11 18:34:45,Traffic Experiment - Sirens_other.wav,72603.0156,0.0000,140.4600,120.3180,0.0000,1.6790,0.1642,0.2800,212.7699
2025-10-11 18:34:47,Traffic Experiment - Sirens_vocals.wav,72603.0156,0.0000,140.5332,114.4206,0.0000,1.4844,0.1822,0.2900,212.7699
2025-10-11 18:34:48,Triviul - Angelsaint_bass.wav,40809.6367,0.0000,138.0313,115.6197,0.0000,0.9890,0.0721,0.1400,119.6253
2025-10-11 18:34:50,Triviul - Angelsaint_drums.wav,40809.6367,0.0000,138.0313,111.9845,0.0000,0.7678,0.0894,0.1500,119.6254
2025-10-11 18:34:51,Triviul - Angelsaint_mixture.wav,40809.6367,0.0000,138.0313,120.7365,0.0000,0.8101,0.0739,0.1500,119.6252
2025-10-11 18:34:52,Triviul - Angelsaint_other.wav,40809.6367,0.0000,138.0313,114.5991,0.0000,0.9551,0.0947,0.1600,119.6254
2025-10-11 18:34:54,Triviul - Angelsaint_vocals.wav,40809.6367,0.0000,138.0313,115.7729,0.0000,0.8808,0.0792,0.1400,119.6252
2025-10-11 18:34:55,Triviul - Dorothy_bass.wav,32309.8164,0.0000,136.5288,107.9511,0.0000,0.8970,0.0477,0.1100,94.7235
2025-10-11 18:34:57,Triviul - Dorothy_drums.wav,32309.8164,0.0000,137.0170,112.2328,0.0000,1.0149,0.0531,0.1100,94.7235
2025-10-11 18:34:58,Triviul - Dorothy_mixture.wav,32309.8164,0.0000,137.0170,116.9315,0.0000,0.6511,0.1400,0.1000,94.7236
2025-10-11 18:34:59,Triviul - Dorothy_other.wav,32309.8164,0.0000,137.0665,107.2850,0.0000,1.0322,0.0626,0.1000,94.7235
2025-10-11 18:35:01,Triviul - Dorothy_vocals.wav,32309.8164,0.0000,137.0170,113.1767,0.0000,0.8027,0.0521,0.1000,94.7235
2025-10-11 18:35:02,Voelund - Comfort Lives In Belief_bass.wav,36192.2305,0.0000,137.1330,110.1528,0.0000,0.6509,0.0622,0.1200,106.0978
2025-10-11 18:35:03,Voelund - Comfort Lives In Belief_drums.wav,36192.2305,0.0000,137.1556,109.8906,0.0000,0.8416,0.0750,0.1100,106.0977
2025-10-11 18:35:04,Voelund - Comfort Lives In Belief_mixture.wav,36192.2305,0.0000,137.4246,118.8923,0.0000,0.7864,0.0858,0.1400,106.0977
2025-10-11 18:35:05,Voelund - Comfort Lives In Belief_other.wav,36192.2305,0.0000,137.2012,114.7774,0.0000,0.7853,0.0670,0.1200,106.0978
2025-10-11 18:35:07,Voelund - Comfort Lives In Belief_vocals.wav,36192.2305,0.0000,137.5098,113.9408,0.0000,0.9890,0.0913,0.1400,106.0978
2025-10-11 18:35:08,Wall Of Death - Femme_bass.wav,41191.5234,0.0000,137.7289,111.7735,0.0000,1.0694,0.0801,0.1600,120.7442
2025-10-11 18:35:10,Wall Of Death - Femme_drums.wav,41191.5234,0.0000,137.7175,116.4752,0.0000,0.7861,0.1108,0.1600,120.7440
2025-10-11 18:35:11,Wall Of Death - Femme_mixture.wav,41191.5234,0.0000,137.8092,121.4881,0.0000,0.8977,0.0969,0.1700,120.7441
2025-10-11 18:35:13,Wall Of Death - Femme_other.wav,41191.5234,0.0000,137.7517,118.3942,0.0000,1.0442,0.1151,0.1700,120.7441
2025-10-11 18:35:14,Wall Of Death - Femme_vocals.wav,41191.5234,0.0000,137.8792,110.3415,0.0000,0.9880,0.0752,0.1600,120.7442
2025-10-11 18:35:15,Young Griffo - Blood To Bone_bass.wav,43856.0703,0.0000,138.0930,117.3812,0.0000,0.6494,0.0852,0.1700,128.5505
2025-10-11 18:35:17,Young Griffo - Blood To Bone_drums.wav,43856.0703,0.0000,138.3194,113.9488,0.0000,0.9331,0.1149,0.1700,128.5504
2025-10-11 18:35:18,Young Griffo - Blood To Bone_mixture.wav,43856.0703,0.0000,138.1632,120.1977,0.0000,0.6118,0.0806,0.1800,128.5504
2025-10-11 18:35:19,Young Griffo - Blood To Bone_other.wav,43856.0703,0.0000,138.3440,111.7473,0.0000,0.7646,0.1111,0.1800,128.5505
2025-10-11 18:35:21,Young Griffo - Blood To Bone_vocals.wav,43856.0703,0.0000,138.3440,110.2260,0.0000,1.0394,0.0830,0.1700,128.5505
2025-10-11 18:35:22,Young Griffo - Facade_bass.wav,28949.8945,0.0000,136.0961,110.8506,0.0000,0.5073,0.0506,0.1000,84.8800
2025-10-11 18:35:23,Young Griffo - Facade_drums.wav,28949.8945,0.0000,136.3476,110.6293,0.0000,0.7275,0.0612,0.1000,84.8799
2025-10-11 18:35:24,Young Griffo - Facade_mixture.wav,28949.8945,0.0000,136.4549,118.5095,0.0000,0.7316,0.0620,0.0900,84.8799
2025-10-11 18:35:25,Young Griffo - Facade_other.wav,28949.8945,0.0000,136.2545,114.0077,0.0000,0.5646,0.0613,0.0900,84.8800
2025-10-11 18:35:26,Young Griffo - Facade_vocals.wav,28949.8945,0.0000,136.5401,112.9705,0.0000,1.1206,0.0583,0.1000,84.8800
2025-10-11 18:35:29,Young Griffo - Pennies_bass.wav,47888.9336,0.0000,138.7260,117.8136,0.0000,1.8749,0.1074,0.1800,140.3654
2025-10-11 18:35:30,Young Griffo - Pennies_drums.wav,47888.9336,0.0000,138.7384,114.7918,0.0000,1.0220,0.0927,0.1900,140.3654
2025-10-11 18:35:32,Young Griffo - Pennies_mixture.wav,47888.9336,0.0000,138.7384,121.5867,0.0000,0.6777,0.1354,0.1900,140.3655
2025-10-11 18:35:33,Young Griffo - Pennies_other.wav,47888.9336,0.0000,138.7260,113.6554,0.0000,0.7034,0.0867,0.1800,140.3654
2025-10-11 18:35:34,Young Griffo - Pennies_vocals.wav,47888.9336,0.0000,138.7260,114.8126,0.0000,0.9595,0.1017,0.1800,140.3654
2025-10-11 18:35:34,--- TOTAL / SUMMARY ---,,,,,,670.4043,72.9992,122.5000,89276.8396
