Timestamp,Filename,OriginalFileSize_KB,MSE,PSNR,SNR,BER,NC,EmbeddingTime_s,DecodingTime_s,CPU_Time_s,Memory_Increase_MB
2025-10-12 18:27:48,A Classic Education - NightOwl_bass.wav,29533.2930,0.0067,21.7373,4.0735,0.0000,1.0000,1.2862,2.2658,3.4600,326.7899
2025-10-12 18:27:53,A Classic Education - NightOwl_mixture.wav,29533.2930,0.0055,22.5886,6.6366,0.0000,1.0000,1.4336,3.4795,4.6900,326.7899
2025-10-12 18:27:57,A Classic Education - NightOwl_drums.wav,29533.2930,0.0000,44.8937,11.6207,0.0000,1.0000,1.3231,2.2371,3.4600,326.7898
2025-10-12 18:28:01,A Classic Education - NightOwl_vocals.wav,29533.2930,0.0002,36.7150,10.4516,0.0000,1.0000,1.3038,2.2368,3.4400,326.7899
2025-10-12 18:28:07,A Classic Education - NightOwl_other.wav,29533.2930,0.0006,32.5467,9.9525,0.0000,1.0000,1.2942,3.9130,4.9700,326.7898
2025-10-12 18:28:11,ANiMAL - Clinic A_bass.wav,41007.7227,0.0043,23.6856,3.1020,0.0000,1.0000,1.8443,2.2616,3.9700,450.5400
2025-10-12 18:28:16,ANiMAL - Clinic A_drums.wav,41007.7227,0.0001,39.4326,12.2612,0.0000,1.0000,1.8374,2.2653,3.9600,450.5399
2025-10-12 18:28:22,ANiMAL - Clinic A_other.wav,41007.7227,0.0021,26.6878,4.1829,0.0000,1.0000,2.2104,3.0845,5.0100,450.5400
2025-10-12 18:28:26,ANiMAL - Clinic A_mixture.wav,41007.7227,0.0116,19.3507,2.0913,0.0000,1.0000,1.8628,2.2583,3.9900,450.5399
2025-10-12 18:28:30,ANiMAL - Easy Tiger_bass.wav,35427.8281,0.0042,23.7327,0.0470,0.0000,1.0000,1.4870,2.2456,3.6100,390.0398
2025-10-12 18:28:37,ANiMAL - Clinic A_vocals.wav,41007.7227,0.0014,28.6285,2.6423,0.0000,1.0000,3.7739,2.8044,6.1700,450.5401
2025-10-12 18:28:42,ANiMAL - Easy Tiger_drums.wav,35427.8281,0.0025,26.0703,2.5931,0.0000,1.0000,1.5852,2.2295,3.7100,390.0397
2025-10-12 18:28:46,ANiMAL - Easy Tiger_mixture.wav,35427.8281,0.0099,20.0618,1.7782,0.0000,1.0000,1.5937,2.2825,3.7700,390.0398
2025-10-12 18:28:51,ANiMAL - Easy Tiger_vocals.wav,35427.8281,0.0005,32.6898,7.6893,0.0000,1.0000,1.9434,2.7416,4.4200,390.0401
2025-10-12 18:28:55,ANiMAL - Easy Tiger_other.wav,35427.8281,0.0013,28.8951,3.6775,0.0000,1.0000,1.6158,2.2614,3.7700,390.0398
2025-10-12 18:28:59,ANiMAL - Rockshow_bass.wav,28543.8398,0.0002,36.2112,14.0677,0.0000,1.0000,1.2420,2.2454,3.4000,315.7898
2025-10-12 18:29:04,ANiMAL - Rockshow_other.wav,28543.8398,0.0009,30.5841,3.0873,0.0000,1.0000,1.5679,3.1947,4.5300,315.7898
2025-10-12 18:29:08,ANiMAL - Rockshow_drums.wav,28543.8398,0.0015,28.2520,4.2592,0.0000,1.0000,1.2647,2.2480,3.4200,315.7900
2025-10-12 18:29:12,ANiMAL - Rockshow_vocals.wav,28543.8398,0.0014,28.6011,1.9438,0.0000,1.0000,1.2461,2.2515,3.4000,315.7898
2025-10-12 18:29:17,ANiMAL - Rockshow_mixture.wav,28543.8398,0.0091,20.3979,1.8590,0.0000,1.0000,1.3646,3.7753,4.9100,315.7897
2025-10-12 18:29:21,Actions - Devil's Words_bass.wav,33903.2422,0.0253,15.9610,-7.3296,0.0000,1.0000,1.3783,2.2328,3.5100,373.5398
2025-10-12 18:29:26,Actions - Devil's Words_drums.wav,33903.2422,0.0032,24.9999,2.3547,0.0000,1.0000,1.5276,2.2493,3.6700,373.5397
2025-10-12 18:29:31,Actions - Devil's Words_mixture.wav,33903.2422,0.0176,17.5508,1.5014,0.0000,1.0000,1.6059,3.6679,5.0100,373.5398
2025-10-12 18:29:35,Actions - Devil's Words_other.wav,33903.2422,0.0023,26.4046,4.3892,0.0000,1.0000,1.4594,2.2414,3.5900,373.5397
2025-10-12 18:29:39,Actions - One Minute Smile_drums.wav,28177.8945,0.0038,24.2019,2.1208,0.0000,1.0000,1.2497,2.2446,3.4100,313.0398
2025-10-12 18:29:45,Actions - Devil's Words_vocals.wav,33903.2422,0.0058,22.3358,1.5755,0.0000,1.0000,1.5559,3.7307,5.0800,373.5396
2025-10-12 18:29:49,Actions - One Minute Smile_bass.wav,28177.8945,0.0652,11.8574,-16.6922,0.0000,1.0000,1.1580,2.2253,3.3000,313.0398
2025-10-12 18:29:52,Actions - One Minute Smile_other.wav,28177.8945,0.0014,28.4733,6.6666,0.0000,1.0000,1.2135,2.2512,3.3800,313.0398
2025-10-12 18:29:57,Actions - One Minute Smile_mixture.wav,28177.8945,0.0172,17.6374,1.2868,0.0000,1.0000,1.2593,3.5013,4.6000,313.0398
2025-10-12 18:30:01,Actions - One Minute Smile_vocals.wav,28177.8945,0.0056,22.5153,2.0355,0.0000,1.0000,1.3507,2.2358,3.4700,313.0400
2025-10-12 18:30:05,Actions - South Of The Water_drums.wav,30457.1016,0.0023,26.3590,2.3236,0.0000,1.0000,1.3319,2.2463,3.4900,335.0397
2025-10-12 18:30:10,Actions - South Of The Water_mixture.wav,30457.1016,0.0177,17.5321,1.4321,0.0000,1.0000,1.3526,2.8925,4.1200,335.0397
2025-10-12 18:30:14,Actions - South Of The Water_bass.wav,30457.1016,0.0566,12.4698,-7.7495,0.0000,1.0000,1.5298,2.3508,3.7100,335.0397
2025-10-12 18:30:18,Actions - South Of The Water_other.wav,30457.1016,0.0005,33.3102,9.8144,0.0000,1.0000,1.3369,2.2325,3.4800,335.0397
2025-10-12 18:30:22,Aimee Norwich - Child_drums.wav,32604.6602,0.0010,29.8593,6.1791,0.0000,1.0000,1.4548,2.2418,3.5900,359.7897
2025-10-12 18:30:27,Aimee Norwich - Child_bass.wav,32604.6602,0.0037,24.2952,5.7251,0.0000,1.0000,1.7098,2.9401,4.4000,359.7899
2025-10-12 18:30:31,Actions - South Of The Water_vocals.wav,30457.1016,0.0045,23.4643,1.7011,0.0000,1.0000,1.3147,2.2419,3.4700,335.0398
2025-10-12 18:30:35,Aimee Norwich - Child_other.wav,32604.6602,0.0006,32.4511,7.9252,0.0000,1.0000,1.4453,2.2257,3.5700,359.7897
2025-10-12 18:30:40,Aimee Norwich - Child_vocals.wav,32604.6602,0.0003,35.6365,6.4562,0.0000,1.0000,1.7204,3.3102,4.8200,359.7897
2025-10-12 18:30:44,Aimee Norwich - Child_mixture.wav,32604.6602,0.0083,20.8059,4.4066,0.0000,1.0000,1.5058,2.2304,3.6300,359.7897
2025-10-12 18:30:52,Alexander Ross - Goodbye Bolero_bass.wav,72147.7734,0.0325,14.8815,-15.4896,0.0000,1.0000,3.4601,3.2897,6.4500,783.2897
2025-10-12 18:30:59,Alexander Ross - Goodbye Bolero_drums.wav,72147.7734,0.0002,37.2425,8.2976,0.0000,1.0000,3.4771,2.3025,5.5100,783.2897
2025-10-12 18:31:07,Alexander Ross - Goodbye Bolero_mixture.wav,72147.7734,0.0048,23.1469,2.9048,0.0000,1.0000,3.2532,3.6184,6.6000,783.2898
2025-10-12 18:31:13,Alexander Ross - Goodbye Bolero_other.wav,72147.7734,0.0019,27.1339,4.5856,0.0000,1.0000,3.1937,2.3088,5.2900,783.2898
2025-10-12 18:31:22,Alexander Ross - Velvet Curtain_bass.wav,88628.6797,0.0187,17.2890,-13.9397,0.0000,1.0000,4.3295,3.4213,7.2300,962.0398
2025-10-12 18:31:38,Alexander Ross - Goodbye Bolero_vocals.wav,72147.7734,0.0008,30.9081,3.2903,0.0000,1.0000,12.2291,2.7817,13.0600,783.2898
2025-10-12 18:31:47,Alexander Ross - Velvet Curtain_drums.wav,88628.6797,0.0002,36.7735,7.9848,0.0000,1.0000,4.4530,2.4359,6.3400,962.0399
2025-10-12 18:31:56,Alexander Ross - Velvet Curtain_mixture.wav,88628.6797,0.0000,43.8690,20.7092,0.0000,1.0000,4.7312,2.3901,6.5200,962.0398
2025-10-12 18:32:06,Alexander Ross - Velvet Curtain_other.wav,88628.6797,0.0015,28.1164,0.2506,0.0000,1.0000,5.1925,3.6610,7.5800,962.0398
2025-10-12 18:32:11,Angela Thomas Wade - Milk Cow Blues_bass.wav,36363.4727,0.0130,18.8497,-9.7913,0.0000,1.0000,1.6826,2.3081,3.7500,401.0420
2025-10-12 18:32:20,Alexander Ross - Velvet Curtain_vocals.wav,88628.6797,0.0003,35.0743,5.6454,0.0000,1.0000,4.9560,3.2032,7.1900,962.0399
2025-10-12 18:32:25,Angela Thomas Wade - Milk Cow Blues_drums.wav,36363.4727,0.0012,29.3424,4.1700,0.0000,1.0000,1.5610,2.2514,3.7000,401.0420
2025-10-12 18:32:29,Angela Thomas Wade - Milk Cow Blues_other.wav,36363.4727,0.0003,34.7760,11.7182,0.0000,1.0000,1.6929,2.4949,4.0100,401.0420
2025-10-12 18:32:34,Angela Thomas Wade - Milk Cow Blues_mixture.wav,36363.4727,0.0073,21.3770,2.1373,0.0000,1.0000,2.0121,2.4613,4.2100,401.0397
2025-10-12 18:32:39,Atlantis Bound - It Was My Fault For Waiting_bass.wav,46207.9883,0.0045,23.4704,-4.1876,0.0000,1.0000,1.9235,2.2579,4.0300,505.5397
2025-10-12 18:32:44,Angela Thomas Wade - Milk Cow Blues_vocals.wav,36363.4727,0.0013,28.8854,2.9875,0.0000,1.0000,1.4599,3.0176,4.3100,401.0420
2025-10-12 18:32:50,Atlantis Bound - It Was My Fault For Waiting_drums.wav,46207.9883,0.0010,29.8757,6.7136,0.0000,1.0000,2.4848,2.2627,4.4400,505.5397
2025-10-12 18:32:55,Atlantis Bound - It Was My Fault For Waiting_mixture.wav,46207.9883,0.0037,24.3400,5.0856,0.0000,1.0000,2.0786,2.2644,4.1700,505.5398
2025-10-12 18:33:01,Atlantis Bound - It Was My Fault For Waiting_vocals.wav,46207.9883,0.0004,33.6841,8.7085,0.0000,1.0000,2.2964,3.3068,5.2900,505.5397
2025-10-12 18:33:06,Atlantis Bound - It Was My Fault For Waiting_other.wav,46207.9883,0.0001,41.6364,15.0308,0.0000,1.0000,2.0012,2.2901,4.1200,505.5399
2025-10-12 18:33:12,Auctioneer - Our Future Faces_drums.wav,35811.0430,0.0003,35.2079,8.1527,0.0000,1.0000,1.8824,2.9167,4.5100,392.7897
2025-10-12 18:33:17,Auctioneer - Our Future Faces_bass.wav,35811.0430,0.0212,16.7387,-4.0429,0.0000,1.0000,2.1030,2.2629,4.0900,392.7898
2025-10-12 18:33:21,Auctioneer - Our Future Faces_other.wav,35811.0430,0.0002,37.9293,15.5204,0.0000,1.0000,1.8323,2.2588,3.8700,392.7898
2025-10-12 18:33:27,Auctioneer - Our Future Faces_mixture.wav,35811.0430,0.0111,19.5626,2.5623,0.0000,1.0000,1.8346,3.8597,5.3900,392.7921
2025-10-12 18:33:33,AvaLuna - Waterduct_bass.wav,44669.4102,0.0132,18.7968,-7.3882,0.0000,1.0000,2.2472,2.2917,4.2700,489.0397
2025-10-12 18:33:37,Auctioneer - Our Future Faces_vocals.wav,35811.0430,0.0018,27.3685,3.3256,0.0000,1.0000,1.7183,2.2448,3.8100,392.7898
2025-10-12 18:33:43,AvaLuna - Waterduct_mixture.wav,44669.4102,0.0026,25.8826,4.3934,0.0000,1.0000,2.4627,2.7082,4.8700,489.0397
2025-10-12 18:33:48,AvaLuna - Waterduct_drums.wav,44669.4102,0.0004,34.1085,7.0080,0.0000,1.0000,2.0033,2.2548,4.1100,489.0397
2025-10-12 18:33:54,AvaLuna - Waterduct_vocals.wav,44669.4102,0.0030,25.2395,-2.8495,0.0000,1.0000,2.0418,3.5623,5.3400,489.0397
2025-10-12 18:34:00,AvaLuna - Waterduct_other.wav,44669.4102,0.0003,35.4889,6.1818,0.0000,1.0000,2.0611,2.2675,4.1700,489.0398
2025-10-12 18:34:03,BigTroubles - Phantom_bass.wav,25312.0430,0.0210,16.7812,-0.3274,0.0000,1.0000,1.0831,2.2522,3.2500,280.0420
2025-10-12 18:34:09,BigTroubles - Phantom_mixture.wav,25312.0430,0.0201,16.9783,2.4125,0.0000,1.0000,1.1558,3.8177,4.7700,280.0400
2025-10-12 18:34:12,BigTroubles - Phantom_other.wav,25312.0430,0.0032,24.8999,4.3900,0.0000,1.0000,1.1249,2.2599,3.3100,280.0399
2025-10-12 18:34:16,BigTroubles - Phantom_vocals.wav,25312.0430,0.0014,28.5704,3.4928,0.0000,1.0000,1.1296,2.2407,3.2800,280.0399
2025-10-12 18:34:21,BigTroubles - Phantom_drums.wav,25312.0430,0.0005,33.4459,8.8808,0.0000,1.0000,1.2169,3.1517,4.2000,280.0398
2025-10-12 18:34:26,Bill Chudziak - Children Of No-one_bass.wav,39781.8672,0.0103,19.8652,-8.0147,0.0000,1.0000,2.3797,2.2595,4.3700,436.7897
2025-10-12 18:34:31,Bill Chudziak - Children Of No-one_drums.wav,39781.8672,0.0036,24.3896,0.8739,0.0000,1.0000,1.8924,2.2442,3.9400,436.7897
2025-10-12 18:34:37,Bill Chudziak - Children Of No-one_vocals.wav,39781.8672,0.0018,27.4585,2.6950,0.0000,1.0000,1.7621,3.5956,5.1100,436.7897
2025-10-12 18:34:41,Bill Chudziak - Children Of No-one_mixture.wav,39781.8672,0.0000,52.2156,33.4777,0.0000,1.0000,1.8917,2.2527,4.0000,436.7898
2025-10-12 18:34:46,Bill Chudziak - Children Of No-one_other.wav,39781.8672,0.0086,20.6637,-3.3803,0.0000,1.0000,1.7148,2.2418,3.8100,436.7898
2025-10-12 18:34:54,Black Bloc - If You Want Success_bass.wav,68687.8867,0.0043,23.6546,-3.6333,0.0000,1.0000,4.2025,2.2833,6.1300,747.5399
2025-10-12 18:35:01,Black Bloc - If You Want Success_drums.wav,68687.8867,0.0038,24.2366,2.8889,0.0000,1.0000,3.3206,2.5511,5.5700,747.5397
2025-10-12 18:35:08,Black Bloc - If You Want Success_mixture.wav,68687.8867,0.0086,20.6606,1.9474,0.0000,1.0000,3.6460,2.3210,5.6600,747.5399
2025-10-12 18:35:15,Black Bloc - If You Want Success_other.wav,68687.8867,0.0000,48.2593,22.6676,0.0000,1.0000,3.0746,2.7816,5.6000,747.5398
2025-10-12 18:35:21,Black Bloc - If You Want Success_vocals.wav,68687.8867,0.0006,32.1977,3.8034,0.0000,1.0000,3.0853,2.3189,5.1300,747.5399
2025-10-12 18:35:26,Celestial Shore - Die For Us_bass.wav,48005.9922,0.0023,26.3666,3.9377,0.0000,1.0000,2.0482,2.2675,4.1600,524.7898
2025-10-12 18:35:32,Celestial Shore - Die For Us_mixture.wav,48005.9922,0.0117,19.3286,2.4170,0.0000,1.0000,2.6503,2.8417,5.1700,524.7898
2025-10-12 18:35:38,Celestial Shore - Die For Us_drums.wav,48005.9922,0.0017,27.6700,-9.0280,0.0000,1.0000,2.3000,2.2634,4.4000,524.7898
2025-10-12 18:35:45,Celestial Shore - Die For Us_other.wav,48005.9922,0.0006,31.9360,12.2485,0.0000,1.0000,2.2948,3.9397,5.9500,524.7898
2025-10-12 18:35:50,Chris Durban - Celebrate_bass.wav,51987.3477,0.0486,13.1300,-9.6954,0.0000,1.0000,2.3666,2.2492,4.4200,568.7899
2025-10-12 18:35:56,Celestial Shore - Die For Us_vocals.wav,48005.9922,0.0021,26.8118,2.4886,0.0000,1.0000,2.2388,2.7534,4.7900,524.7898
2025-10-12 18:36:02,Chris Durban - Celebrate_mixture.wav,51987.3477,0.0009,30.3761,12.6284,0.0000,1.0000,2.8348,2.3218,4.9200,568.7898
2025-10-12 18:36:07,Chris Durban - Celebrate_drums.wav,51987.3477,0.0001,40.8669,15.4228,0.0000,1.0000,2.3789,2.2826,4.4900,568.7898
2025-10-12 18:36:14,Chris Durban - Celebrate_other.wav,51987.3477,0.0020,26.8905,4.4251,0.0000,1.0000,3.0623,2.7178,5.3400,568.7897
2025-10-12 18:36:19,Chris Durban - Celebrate_vocals.wav,51987.3477,0.0018,27.4419,2.0791,0.0000,1.0000,2.2823,2.2735,4.3600,568.7898
2025-10-12 18:36:24,Clara Berry And Wooldog - Air Traffic_bass.wav,29878.7695,0.0114,19.4148,-5.5246,0.0000,1.0000,1.3419,3.2314,4.4000,329.5421
2025-10-12 18:36:28,Clara Berry And Wooldog - Air Traffic_other.wav,29878.7695,0.0108,19.6551,-8.5399,0.0000,1.0000,1.5259,2.2295,3.6300,329.5421
2025-10-12 18:36:32,Clara Berry And Wooldog - Air Traffic_mixture.wav,29878.7695,0.0000,49.6240,28.7668,0.0000,1.0000,1.3146,2.2501,3.4600,329.5421
2025-10-12 18:36:39,Clara Berry And Wooldog - Air Traffic_drums.wav,29878.7695,0.0000,48.1240,20.5860,0.0000,1.0000,1.3490,4.9275,6.0100,329.5397
2025-10-12 18:36:44,Clara Berry And Wooldog - Stella_bass.wav,33719.6562,0.0127,18.9779,-2.8353,0.0000,1.0000,1.9197,2.3726,4.0800,370.7897
2025-10-12 18:36:48,Clara Berry And Wooldog - Air Traffic_vocals.wav,29878.7695,0.0000,44.4732,16.9248,0.0000,1.0000,1.3480,2.2455,3.5000,329.5421
2025-10-12 18:36:54,Clara Berry And Wooldog - Stella_drums.wav,33719.6562,0.0007,31.8252,1.1324,0.0000,1.0000,1.6760,3.9016,5.3300,370.7920
2025-10-12 18:36:58,Clara Berry And Wooldog - Stella_other.wav,33719.6562,0.0013,28.8262,0.3772,0.0000,1.0000,1.5904,2.2294,3.7000,370.7920
2025-10-12 18:37:03,Clara Berry And Wooldog - Stella_mixture.wav,33719.6562,0.0000,49.2269,29.7650,0.0000,1.0000,1.5622,2.2648,3.7100,370.7921
2025-10-12 18:37:08,Clara Berry And Wooldog - Waltz For My Victims_drums.wav,30220.6562,0.0003,34.6224,1.5324,0.0000,1.0000,1.5003,3.4986,4.7000,335.0420
2025-10-12 18:37:13,Clara Berry And Wooldog - Stella_vocals.wav,33719.6562,0.0000,49.2191,22.8807,0.0000,1.0000,1.6417,2.2521,3.7800,370.7921
2025-10-12 18:37:17,Clara Berry And Wooldog - Waltz For My Victims_bass.wav,30220.6562,0.0143,18.4328,-10.3113,0.0000,1.0000,1.3658,2.2686,3.5300,335.0421
2025-10-12 18:37:22,Clara Berry And Wooldog - Waltz For My Victims_other.wav,30220.6562,0.0000,53.5074,31.4863,0.0000,1.0000,1.5686,3.3639,4.7200,335.0421
2025-10-12 18:37:26,Clara Berry And Wooldog - Waltz For My Victims_mixture.wav,30220.6562,0.0010,29.9736,9.5448,0.0000,1.0000,1.4558,2.2673,3.6000,335.0421
2025-10-12 18:37:32,Cnoc An Tursa - Bannockburn_bass.wav,50766.8750,0.0001,38.8112,13.3682,0.0000,1.0000,2.5372,2.5012,4.8500,555.0397
2025-10-12 18:37:37,Clara Berry And Wooldog - Waltz For My Victims_vocals.wav,30220.6562,0.0001,40.4278,10.2207,0.0000,1.0000,1.6830,2.5487,4.0200,335.0420
2025-10-12 18:37:42,Cnoc An Tursa - Bannockburn_drums.wav,50766.8750,0.0035,24.6175,5.0165,0.0000,1.0000,2.4966,2.2653,4.5900,555.0398
2025-10-12 18:37:49,Cnoc An Tursa - Bannockburn_other.wav,50766.8750,0.0033,24.7929,3.3771,0.0000,1.0000,2.5893,3.7044,5.9200,555.0398
2025-10-12 18:37:55,Cnoc An Tursa - Bannockburn_mixture.wav,50766.8750,0.0149,18.2601,1.9062,0.0000,1.0000,2.5268,2.2583,4.5900,555.0398
2025-10-12 18:38:01,Cnoc An Tursa - Bannockburn_vocals.wav,50766.8750,0.0009,30.3352,3.3918,0.0000,1.0000,2.1097,3.0542,4.9400,555.0398
2025-10-12 18:38:06,Creepoid - OldTree_bass.wav,52060.0430,0.0064,21.9215,-0.1490,0.0000,1.0000,2.5371,2.2934,4.6000,568.7899
2025-10-12 18:38:12,Creepoid - OldTree_drums.wav,52060.0430,0.0004,34.5347,8.7527,0.0000,1.0000,2.4720,2.2624,4.5400,568.7899
2025-10-12 18:38:18,Creepoid - OldTree_other.wav,52060.0430,0.0004,33.9401,7.5004,0.0000,1.0000,3.0717,2.4906,5.1800,568.7898
2025-10-12 18:38:24,Creepoid - OldTree_mixture.wav,52060.0430,0.0068,21.6848,2.9359,0.0000,1.0000,2.4389,2.2765,4.5400,568.7898
2025-10-12 18:38:30,Dark Ride - Burning Bridges_bass.wav,40111.7852,0.0033,24.8351,3.0566,0.0000,1.0000,1.6864,3.8819,5.3200,439.5398
2025-10-12 18:38:35,Creepoid - OldTree_vocals.wav,52060.0430,0.0010,30.0059,3.4449,0.0000,1.0000,2.5383,2.2501,4.6200,568.7898
2025-10-12 18:38:40,Dark Ride - Burning Bridges_drums.wav,40111.7852,0.0070,21.5261,2.6287,0.0000,1.0000,1.7926,2.3523,4.0000,439.5398
2025-10-12 18:38:46,Dark Ride - Burning Bridges_mixture.wav,40111.7852,0.0173,17.6307,1.8819,0.0000,1.0000,2.3849,2.4570,4.5300,439.5397
2025-10-12 18:38:50,Dark Ride - Burning Bridges_other.wav,40111.7852,0.0010,30.1496,5.9914,0.0000,1.0000,1.7634,2.2621,3.8800,439.5398
2025-10-12 18:38:57,Dreamers Of The Ghetto - Heavy Love_bass.wav,50816.0430,0.0184,17.3628,-10.8500,0.0000,1.0000,2.5298,3.9277,6.1800,555.0397
2025-10-12 18:39:02,Dark Ride - Burning Bridges_vocals.wav,40111.7852,0.0019,27.2510,2.4434,0.0000,1.0000,1.7496,2.2791,3.8900,439.5399
2025-10-12 18:39:08,Dreamers Of The Ghetto - Heavy Love_mixture.wav,50816.0430,0.0044,23.5742,5.9048,0.0000,1.0000,2.6236,2.4233,4.8600,555.0397
2025-10-12 18:39:14,Dreamers Of The Ghetto - Heavy Love_drums.wav,50816.0430,0.0002,36.2810,10.2880,0.0000,1.0000,2.8569,2.3034,4.8800,555.0398
2025-10-12 18:39:19,Dreamers Of The Ghetto - Heavy Love_other.wav,50816.0430,0.0019,27.2637,6.5041,0.0000,1.0000,2.4048,2.2654,4.4900,555.0396
2025-10-12 18:39:26,Dreamers Of The Ghetto - Heavy Love_vocals.wav,50816.0430,0.0003,35.8689,12.5347,0.0000,1.0000,2.6513,3.2046,5.5200,555.0397
2025-10-12 18:39:32,Drumtracks - Ghost Bitch_bass.wav,61515.0195,0.0023,26.2929,-0.0530,0.0000,1.0000,2.9084,2.2786,4.9700,670.5398
2025-10-12 18:39:39,Drumtracks - Ghost Bitch_drums.wav,61515.0195,0.0004,34.0543,4.3819,0.0000,1.0000,3.0375,3.4265,5.9800,670.5397
2025-10-12 18:39:45,Drumtracks - Ghost Bitch_mixture.wav,61515.0195,0.0040,23.9841,4.3043,0.0000,1.0000,2.8531,2.2806,4.9100,670.5397
2025-10-12 18:39:53,Drumtracks - Ghost Bitch_other.wav,61515.0195,0.0058,22.3384,-3.4074,0.0000,1.0000,2.9841,3.5456,6.1700,670.5397
2025-10-12 18:39:59,Drumtracks - Ghost Bitch_vocals.wav,61515.0195,0.0008,31.0409,7.7113,0.0000,1.0000,2.7221,2.2725,4.8000,670.5397
2025-10-12 18:40:05,Faces On Film - Waiting For Ga_bass.wav,44381.2344,0.0922,10.3533,-22.1537,0.0000,1.0000,1.9348,3.5350,5.1200,486.2898
2025-10-12 18:40:10,Faces On Film - Waiting For Ga_drums.wav,44381.2344,0.0010,30.0419,-0.9729,0.0000,1.0000,2.0708,2.2581,4.1500,486.2897
2025-10-12 18:40:15,Faces On Film - Waiting For Ga_other.wav,44381.2344,0.0012,29.0912,9.6236,0.0000,1.0000,2.0866,2.2974,4.2200,486.2898
2025-10-12 18:40:21,Faces On Film - Waiting For Ga_mixture.wav,44381.2344,0.0059,22.3120,4.5409,0.0000,1.0000,2.5269,2.9046,5.1300,486.2897
2025-10-12 18:40:26,Faces On Film - Waiting For Ga_vocals.wav,44381.2344,0.0013,28.7245,4.7715,0.0000,1.0000,2.0634,2.2703,4.1800,486.2898
2025-10-12 18:40:30,Fergessen - Back From The Start_bass.wav,29069.0977,0.0098,20.0990,-5.5739,0.0000,1.0000,1.1987,2.4741,3.5500,321.2919
2025-10-12 18:40:35,Fergessen - Back From The Start_mixture.wav,29069.0977,0.0054,22.6887,3.1040,0.0000,1.0000,1.5944,2.6417,4.0100,321.2921
2025-10-12 18:40:39,Fergessen - Back From The Start_drums.wav,29069.0977,0.0001,38.7806,15.0254,0.0000,1.0000,1.2607,2.2473,3.4100,321.2897
2025-10-12 18:40:43,Fergessen - Nos Palpitants_drums.wav,34179.3867,0.0004,34.0377,6.7655,0.0000,1.0000,1.6793,2.2226,3.7900,376.2921
2025-10-12 18:40:48,Fergessen - Back From The Start_vocals.wav,29069.0977,0.0015,28.1108,3.0533,0.0000,1.0000,1.5709,2.9536,4.2800,321.2920
2025-10-12 18:40:52,Fergessen - Back From The Start_other.wav,29069.0977,0.0023,26.4252,-4.1052,0.0000,1.0000,1.2570,2.2412,3.3900,321.2899
2025-10-12 18:40:56,Fergessen - Nos Palpitants_bass.wav,34179.3867,0.0166,17.8090,-14.2400,0.0000,1.0000,1.6090,2.2408,3.7300,376.2921
2025-10-12 18:41:02,Fergessen - Nos Palpitants_vocals.wav,34179.3867,0.0012,29.2063,5.9966,0.0000,1.0000,2.0229,3.0237,4.6900,376.2898
2025-10-12 18:41:06,Fergessen - Nos Palpitants_other.wav,34179.3867,0.0025,26.0037,-0.0292,0.0000,1.0000,1.6187,2.2484,3.7400,376.2921
2025-10-12 18:41:11,Fergessen - Nos Palpitants_mixture.wav,34179.3867,0.0025,25.9396,5.8404,0.0000,1.0000,1.7100,2.3093,3.8500,376.2920
2025-10-12 18:41:16,Fergessen - The Wind_mixture.wav,33075.0430,0.0078,21.0564,2.8028,0.0000,1.0000,1.9147,2.6830,4.3200,365.2921
2025-10-12 18:41:20,Fergessen - The Wind_drums.wav,33075.0430,0.0003,35.9853,9.2122,0.0000,1.0000,1.6121,2.2242,3.7200,365.2920
2025-10-12 18:41:25,Fergessen - The Wind_bass.wav,33075.0430,0.0722,11.4142,-16.0841,0.0000,1.0000,1.3910,2.2920,3.5700,365.2920
2025-10-12 18:41:30,Fergessen - The Wind_other.wav,33075.0430,0.0012,29.3439,6.2943,0.0000,1.0000,2.0993,2.6612,4.4000,365.2919
2025-10-12 18:41:37,Fergessen - The Wind_vocals.wav,33075.0430,0.0023,26.3664,4.2515,0.0000,1.0000,1.7653,2.5318,4.0900,365.2921
2025-10-12 18:41:50,Flags - 54_bass.wav,54322.9297,0.0101,19.9485,-11.2831,0.0000,1.0000,6.8491,2.5535,6.5700,593.5398
2025-10-12 18:41:56,Flags - 54_drums.wav,54322.9297,0.0002,37.6765,16.1475,0.0000,1.0000,2.5225,2.2796,4.5700,593.5397
2025-10-12 18:42:03,Flags - 54_other.wav,54322.9297,0.0014,28.3894,-5.9235,0.0000,1.0000,2.8617,3.2561,5.5800,593.5397
2025-10-12 18:42:09,Flags - 54_mixture.wav,54322.9297,0.0000,59.1652,38.9650,0.0000,1.0000,2.8007,2.3036,4.6600,593.5397
2025-10-12 18:42:16,Flags - 54_vocals.wav,54322.9297,0.0026,25.9148,-2.6581,0.0000,1.0000,2.2964,3.9056,5.8200,593.5397
2025-10-12 18:42:20,Giselle - Moss_bass.wav,34778.4727,0.0508,12.9388,-14.2380,0.0000,1.0000,1.3873,2.3168,3.5400,381.7920
2025-10-12 18:42:24,Giselle - Moss_mixture.wav,34778.4727,0.0046,23.3896,4.1057,0.0000,1.0000,1.6402,2.3141,3.7700,381.7898
2025-10-12 18:42:30,Giselle - Moss_drums.wav,34778.4727,0.0002,36.2957,9.8533,0.0000,1.0000,1.7974,3.2938,4.8000,381.7897
2025-10-12 18:42:35,Giselle - Moss_other.wav,34778.4727,0.0012,29.0942,5.2041,0.0000,1.0000,1.6423,2.2294,3.7100,381.7897
2025-10-12 18:42:39,Giselle - Moss_vocals.wav,34778.4727,0.0038,24.2191,-0.4213,0.0000,1.0000,1.5686,2.2535,3.6700,381.7919
2025-10-12 18:42:44,Grants - PunchDrunk_drums.wav,35245.9141,0.0008,31.1219,4.5652,0.0000,1.0000,1.9898,2.8456,4.5500,387.2898
2025-10-12 18:42:49,Grants - PunchDrunk_bass.wav,35245.9141,0.0068,21.7036,0.9459,0.0000,1.0000,1.6105,2.2585,3.7400,387.2921
2025-10-12 18:42:53,Grants - PunchDrunk_mixture.wav,35245.9141,0.0087,20.6236,2.6570,0.0000,1.0000,1.6928,2.5256,4.0100,387.2920
2025-10-12 18:42:59,Grants - PunchDrunk_other.wav,35245.9141,0.0000,51.4852,25.6001,0.0000,1.0000,1.8491,2.3079,3.9900,387.2897
2025-10-12 18:43:04,Grants - PunchDrunk_vocals.wav,35245.9141,0.0016,27.9372,2.6220,0.0000,1.0000,1.5919,2.2809,3.7600,387.2920
2025-10-12 18:43:10,Helado Negro - Mitad Del Mundo_bass.wav,31326.6055,0.0135,18.6844,-5.6651,0.0000,1.0000,1.5191,3.5498,4.8100,346.0420
2025-10-12 18:43:15,Helado Negro - Mitad Del Mundo_mixture.wav,31326.6055,0.0090,20.4701,2.2116,0.0000,1.0000,1.3862,2.2489,3.5400,346.0420
2025-10-12 18:43:21,Helado Negro - Mitad Del Mundo_other.wav,31326.6055,0.0066,21.8265,-9.2853,0.0000,1.0000,1.4278,2.8338,4.1200,346.0421
2025-10-12 18:43:26,Helado Negro - Mitad Del Mundo_drums.wav,31326.6055,0.0001,42.1197,12.4024,0.0000,1.0000,1.6701,2.2308,3.7100,346.0421
2025-10-12 18:43:32,Hezekiah Jones - Borrowed Heart_bass.wav,41615.7031,0.0309,15.1026,-13.5997,0.0000,1.0000,2.1455,2.2354,4.1100,456.0398
2025-10-12 18:43:38,Helado Negro - Mitad Del Mundo_vocals.wav,31326.6055,0.0055,22.5957,2.3368,0.0000,1.0000,1.6851,3.2525,4.6900,346.0420
2025-10-12 18:43:44,Hezekiah Jones - Borrowed Heart_mixture.wav,41615.7031,0.0014,28.6029,9.6288,0.0000,1.0000,2.2979,2.3101,4.4000,456.0397
2025-10-12 18:43:51,Hezekiah Jones - Borrowed Heart_drums.wav,41615.7031,0.0000,48.9224,20.8488,0.0000,1.0000,1.9877,3.9923,5.6200,456.0397
2025-10-12 18:43:56,Hezekiah Jones - Borrowed Heart_other.wav,41615.7031,0.0002,37.0521,15.5834,0.0000,1.0000,2.0217,2.2790,4.0800,456.0398
2025-10-12 18:44:03,Hezekiah Jones - Borrowed Heart_vocals.wav,41615.7031,0.0000,43.5581,17.6423,0.0000,1.0000,1.9975,3.0038,4.7000,456.0398
2025-10-12 18:44:08,Hollow Ground - Left Blind_drums.wav,27440.2656,0.0035,24.5601,3.1653,0.0000,1.0000,1.2452,2.2549,3.3900,304.7920
2025-10-12 18:44:12,Hollow Ground - Left Blind_bass.wav,27440.2656,0.0028,25.5529,4.1941,0.0000,1.0000,1.1630,2.2602,3.3300,304.7921
2025-10-12 18:44:18,Hollow Ground - Left Blind_vocals.wav,27440.2656,0.0006,32.0790,6.1313,0.0000,1.0000,1.3163,3.6667,4.7100,304.7920
2025-10-12 18:44:23,Hollow Ground - Left Blind_other.wav,27440.2656,0.0040,23.9653,2.4196,0.0000,1.0000,1.2019,2.2351,3.3500,304.7920
2025-10-12 18:44:29,Hollow Ground - Left Blind_mixture.wav,27440.2656,0.0168,17.7363,1.5541,0.0000,1.0000,1.3024,2.7100,3.8400,304.7920
2025-10-12 18:44:36,Hop Along - Sister Cities_bass.wav,48823.8594,0.0406,13.9122,-7.0763,0.0000,1.0000,2.8491,2.5180,4.8500,533.0397
2025-10-12 18:44:42,Hop Along - Sister Cities_drums.wav,48823.8594,0.0005,33.3831,5.7662,0.0000,1.0000,2.3618,2.4011,4.5500,533.0397
2025-10-12 18:44:48,Hop Along - Sister Cities_mixture.wav,48823.8594,0.0137,18.6236,2.4127,0.0000,1.0000,2.7809,2.2927,4.8000,533.0398
2025-10-12 18:44:54,Hop Along - Sister Cities_vocals.wav,48823.8594,0.0016,27.8829,3.7512,0.0000,1.0000,2.3444,2.3567,4.5300,533.0397
2025-10-12 18:45:01,Hop Along - Sister Cities_other.wav,48823.8594,0.0037,24.2718,4.3632,0.0000,1.0000,2.7448,2.3066,4.8000,533.0396
2025-10-12 18:45:07,Invisible Familiars - Disturbing Wildlife_bass.wav,37673.5352,0.0088,20.5386,-0.4068,0.0000,1.0000,1.6744,2.2498,3.8000,414.7897
2025-10-12 18:45:13,Invisible Familiars - Disturbing Wildlife_mixture.wav,37673.5352,0.0023,26.3778,7.6415,0.0000,1.0000,2.1792,2.6347,4.4500,414.7897
2025-10-12 18:45:18,Invisible Familiars - Disturbing Wildlife_drums.wav,37673.5352,0.0000,49.9413,22.2082,0.0000,1.0000,1.7557,2.2708,3.8800,414.7896
2025-10-12 18:45:25,Invisible Familiars - Disturbing Wildlife_other.wav,37673.5352,0.0000,48.0443,20.2563,0.0000,1.0000,1.9913,3.8165,5.5200,414.7898
2025-10-12 18:45:31,Invisible Familiars - Disturbing Wildlife_vocals.wav,37673.5352,0.0003,35.3645,8.4008,0.0000,1.0000,1.7187,2.3228,3.9000,414.7897
2025-10-12 18:45:37,James May - All Souls Moon_bass.wav,38078.4375,0.0023,26.3857,-3.5482,0.0000,1.0000,1.6605,2.8766,4.3700,417.5398
2025-10-12 18:45:42,James May - All Souls Moon_drums.wav,38078.4375,0.0001,39.7298,10.4929,0.0000,1.0000,1.7421,2.2712,3.8400,417.5398
2025-10-12 18:45:49,James May - All Souls Moon_mixture.wav,38078.4375,0.0001,40.0258,16.6417,0.0000,1.0000,1.7258,2.3396,3.9300,417.5397
2025-10-12 18:45:54,James May - All Souls Moon_other.wav,38078.4375,0.0032,24.9725,-5.0579,0.0000,1.0000,2.1712,2.3945,4.3000,417.5398
2025-10-12 18:45:59,James May - All Souls Moon_vocals.wav,38078.4375,0.0000,44.6812,16.0896,0.0000,1.0000,1.6627,2.3068,3.8300,417.5397
2025-10-12 18:46:06,James May - Dont Let Go_bass.wav,41712.9336,0.0013,28.9386,4.1548,0.0000,1.0000,1.9900,3.4901,5.1600,456.0398
2025-10-12 18:46:12,James May - Dont Let Go_drums.wav,41712.9336,0.0001,39.6810,8.1764,0.0000,1.0000,1.9227,2.2373,4.0200,456.0397
2025-10-12 18:46:20,James May - Dont Let Go_mixture.wav,41712.9336,0.0034,24.6386,4.2869,0.0000,1.0000,2.0059,3.8942,5.4800,456.0397
2025-10-12 18:46:25,James May - Dont Let Go_other.wav,41712.9336,0.0001,38.5453,13.7704,0.0000,1.0000,1.8676,2.3562,3.9900,456.0397
2025-10-12 18:46:31,James May - Dont Let Go_vocals.wav,41712.9336,0.0003,35.3279,7.9742,0.0000,1.0000,1.7590,2.9631,4.5400,456.0398
2025-10-12 18:46:37,James May - If You Say_bass.wav,44530.7070,0.0035,24.5475,-7.7946,0.0000,1.0000,1.9927,2.2693,4.1100,486.2898
2025-10-12 18:46:49,James May - If You Say_drums.wav,44530.7070,0.0000,43.4470,10.1050,0.0000,1.0000,3.4314,7.0306,9.7500,486.2897
2025-10-12 18:46:55,James May - If You Say_mixture.wav,44530.7070,0.0000,46.4893,22.7360,0.0000,1.0000,2.1071,2.2841,4.2400,486.2897
2025-10-12 18:47:02,James May - If You Say_other.wav,44530.7070,0.0029,25.4201,-1.5770,0.0000,1.0000,2.0579,3.5176,5.2900,486.2898
2025-10-12 18:47:08,James May - If You Say_vocals.wav,44530.7070,0.0001,41.5111,12.1410,0.0000,1.0000,1.8931,2.2992,4.0400,486.2897
2025-10-12 18:47:14,James May - On The Line_bass.wav,44146.9531,0.0305,15.1583,-8.8939,0.0000,1.0000,1.9156,3.0380,4.7000,483.5397
2025-10-12 18:47:20,James May - On The Line_drums.wav,44146.9531,0.0009,30.4690,8.3908,0.0000,1.0000,2.1834,2.2485,4.2200,483.5397
2025-10-12 18:47:27,James May - On The Line_mixture.wav,44146.9531,0.0033,24.8209,6.9880,0.0000,1.0000,2.0926,2.4842,4.3800,483.5397
2025-10-12 18:47:33,James May - On The Line_other.wav,44146.9531,0.0032,24.9155,0.9639,0.0000,1.0000,2.2967,2.2526,4.3000,483.5397
2025-10-12 18:47:39,James May - On The Line_vocals.wav,44146.9531,0.0004,33.6111,7.3780,0.0000,1.0000,1.9343,2.2995,4.0200,483.5397
2025-10-12 18:47:45,Jay Menon - Through My Eyes_drums.wav,43644.7695,0.0006,32.0655,2.8623,0.0000,1.0000,2.3667,2.5447,4.5800,478.0398
2025-10-12 18:47:50,Jay Menon - Through My Eyes_bass.wav,43644.7695,0.0071,21.4762,-7.6994,0.0000,1.0000,1.8187,2.2525,3.9100,478.0397
2025-10-12 18:47:58,Jay Menon - Through My Eyes_mixture.wav,43644.7695,0.0002,36.2090,14.0771,0.0000,1.0000,2.2813,3.4168,5.2400,478.0397
2025-10-12 18:48:03,Jay Menon - Through My Eyes_other.wav,43644.7695,0.0051,22.9187,-5.9806,0.0000,1.0000,1.9932,2.2459,4.0900,478.0397
2025-10-12 18:48:11,Jay Menon - Through My Eyes_vocals.wav,43644.7695,0.0001,39.6555,13.5069,0.0000,1.0000,1.9162,3.8992,5.5400,478.0398
2025-10-12 18:48:17,Johnny Lokke - Promises & Lies_drums.wav,49268.0117,0.0031,25.0349,4.2548,0.0000,1.0000,2.4199,2.2945,4.5300,538.5398
2025-10-12 18:48:25,Johnny Lokke - Promises & Lies_bass.wav,49268.0117,0.0423,13.7396,-13.1261,0.0000,1.0000,2.3466,3.4276,5.3800,538.5398
2025-10-12 18:48:31,Johnny Lokke - Promises & Lies_other.wav,49268.0117,0.0041,23.8577,3.0365,0.0000,1.0000,2.2070,2.2917,4.3000,538.5399
2025-10-12 18:48:39,Johnny Lokke - Promises & Lies_mixture.wav,49268.0117,0.0163,17.8651,1.4982,0.0000,1.0000,2.6375,3.3068,5.5200,538.5397
2025-10-12 18:48:45,Johnny Lokke - Whisper To A Scream_bass.wav,44016.9883,0.0968,10.1410,-13.4632,0.0000,1.0000,1.8251,2.2710,3.9600,480.7898
2025-10-12 18:48:52,Johnny Lokke - Promises & Lies_vocals.wav,49268.0117,0.0025,26.0686,2.5744,0.0000,1.0000,2.2568,3.8967,5.7900,538.5399
2025-10-12 18:48:58,Johnny Lokke - Whisper To A Scream_drums.wav,44016.9883,0.0018,27.3627,4.7778,0.0000,1.0000,2.0540,2.2919,4.1900,480.7898
2025-10-12 18:49:06,Johnny Lokke - Whisper To A Scream_other.wav,44016.9883,0.0014,28.4612,7.1944,0.0000,1.0000,2.0686,3.8234,5.6000,480.7898
2025-10-12 18:49:12,Johnny Lokke - Whisper To A Scream_mixture.wav,44016.9883,0.0114,19.4360,2.5725,0.0000,1.0000,2.0337,2.2926,4.1400,480.7897
2025-10-12 18:49:18,"Jokers, Jacks & Kings - Sea Of Leaves_bass.wav",33015.0586,0.0018,27.4055,1.6001,0.0000,1.0000,1.4465,3.3495,4.5700,362.5420
2025-10-12 18:49:24,Johnny Lokke - Whisper To A Scream_vocals.wav,44016.9883,0.0013,28.8518,3.9571,0.0000,1.0000,2.1951,2.2826,4.3300,480.7897
2025-10-12 18:49:30,"Jokers, Jacks & Kings - Sea Of Leaves_mixture.wav",33015.0586,0.0084,20.7593,2.8223,0.0000,1.0000,1.4841,2.5985,3.9700,362.5421
2025-10-12 18:49:35,"Jokers, Jacks & Kings - Sea Of Leaves_drums.wav",33015.0586,0.0020,27.0381,3.5213,0.0000,1.0000,1.7144,2.3102,3.8300,362.5421
2025-10-12 18:49:40,"Jokers, Jacks & Kings - Sea Of Leaves_other.wav",33015.0586,0.0004,33.7337,10.3638,0.0000,1.0000,1.4149,2.2766,3.5900,362.5421
2025-10-12 18:49:46,"Jokers, Jacks & Kings - Sea Of Leaves_vocals.wav",33015.0586,0.0010,29.8805,6.3503,0.0000,1.0000,1.5298,3.8046,5.0600,362.5420
2025-10-12 18:49:52,Leaf - Come Around_bass.wav,45578.1445,0.0022,26.5396,8.8183,0.0000,1.0000,2.2748,2.2777,4.4000,500.0398
2025-10-12 18:50:00,Leaf - Come Around_mixture.wav,45578.1445,0.0047,23.3037,7.4423,0.0000,1.0000,2.3045,3.6898,5.7000,500.0398
2025-10-12 18:50:06,Leaf - Come Around_drums.wav,45578.1445,0.0000,48.2073,14.8460,0.0000,1.0000,2.0466,2.3088,4.1800,500.0398
2025-10-12 18:50:13,Leaf - Summerghost_bass.wav,39965.6680,0.0534,12.7211,-10.8822,0.0000,1.0000,1.7647,3.8044,5.3200,439.5420
2025-10-12 18:50:19,Leaf - Come Around_vocals.wav,45578.1445,0.0001,40.8653,17.4805,0.0000,1.0000,2.2231,2.3944,4.4700,500.0398
2025-10-12 18:50:26,Leaf - Come Around_other.wav,45578.1445,0.0062,22.0710,-1.8009,0.0000,1.0000,2.0703,3.4811,5.2500,500.0397
2025-10-12 18:50:32,Leaf - Summerghost_mixture.wav,39965.6680,0.0045,23.5026,4.0305,0.0000,1.0000,1.8362,2.2364,3.9500,439.5398
2025-10-12 18:50:38,Leaf - Summerghost_drums.wav,39965.6680,0.0011,29.4685,4.0561,0.0000,1.0000,1.8131,2.5507,4.2200,439.5420
2025-10-12 18:50:43,Leaf - Summerghost_other.wav,39965.6680,0.0057,22.4533,-6.3240,0.0000,1.0000,1.9989,2.2306,4.0600,439.5397
2025-10-12 18:50:48,Leaf - Wicked_bass.wav,32872.0156,0.0309,15.1011,-10.8746,0.0000,1.0000,1.3758,2.2868,3.5400,362.5420
2025-10-12 18:50:55,Leaf - Summerghost_vocals.wav,39965.6680,0.0005,32.6584,6.9880,0.0000,1.0000,2.5392,2.8985,5.1100,439.5398
2025-10-12 18:51:00,Leaf - Wicked_drums.wav,32872.0156,0.0001,38.3508,14.3636,0.0000,1.0000,1.4733,2.2394,3.6100,362.5420
2025-10-12 18:51:07,Leaf - Wicked_other.wav,32872.0156,0.0002,36.0898,7.1398,0.0000,1.0000,1.4711,3.4422,4.6800,362.5421
2025-10-12 18:51:12,Leaf - Wicked_mixture.wav,32872.0156,0.0038,24.1491,3.9301,0.0000,1.0000,1.5065,2.2254,3.6300,362.5420
2025-10-12 18:51:17,Leaf - Wicked_vocals.wav,32872.0156,0.0006,32.3670,4.9264,0.0000,1.0000,1.5138,2.2649,3.6400,362.5419
2025-10-12 18:51:29,Lushlife - Toynbee Suite_bass.wav,108278.9805,0.0022,26.4870,7.8849,0.0000,1.0000,6.3263,2.4020,8.2200,1171.0398
2025-10-12 18:51:40,Lushlife - Toynbee Suite_drums.wav,108278.9805,0.0023,26.4429,-4.1145,0.0000,1.0000,6.4075,2.3917,8.2100,1171.0400
2025-10-12 18:52:00,Lushlife - Toynbee Suite_mixture.wav,108278.9805,0.0001,40.7509,22.9138,0.0000,1.0000,14.5267,2.5124,14.1300,1171.0398
2025-10-12 18:52:11,Lushlife - Toynbee Suite_other.wav,108278.9805,0.0000,43.9294,15.2972,0.0000,1.0000,6.2721,2.4856,7.6600,1171.0399
2025-10-12 18:52:24,Lushlife - Toynbee Suite_vocals.wav,108278.9805,0.0013,28.7627,-4.1168,0.0000,1.0000,5.6486,3.9606,8.5700,1171.0399
2025-10-12 18:52:27,Matthew Entwistle - Dont You Ever_bass.wav,19641.1758,0.0023,26.4707,0.8973,0.0000,1.0000,0.8963,2.2127,3.0300,219.5421
2025-10-12 18:52:34,Matthew Entwistle - Dont You Ever_vocals.wav,19641.1758,0.0007,31.4861,7.6124,0.0000,1.0000,1.6473,3.4754,4.6600,219.5420
2025-10-12 18:52:38,Matthew Entwistle - Dont You Ever_mixture.wav,19641.1758,0.0022,26.5251,6.6003,0.0000,1.0000,1.1428,2.4193,3.4300,219.5420
2025-10-12 18:52:42,Matthew Entwistle - Dont You Ever_other.wav,19641.1758,0.0022,26.5936,1.6469,0.0000,1.0000,0.8867,2.3843,3.1900,219.5421
2025-10-12 18:52:47,Matthew Entwistle - Dont You Ever_drums.wav,19641.1758,0.0006,32.4771,-9.0886,0.0000,1.0000,1.0067,2.5068,3.3700,219.5420
2025-10-12 18:52:54,Meaxic - Take A Step_bass.wav,48702.0000,0.0106,19.7526,-1.6424,0.0000,1.0000,2.7602,2.4545,4.7700,533.0397
2025-10-12 18:53:00,Meaxic - Take A Step_mixture.wav,48702.0000,0.0116,19.3395,2.1661,0.0000,1.0000,2.4106,2.3853,4.5100,533.0397
2025-10-12 18:53:06,Meaxic - Take A Step_drums.wav,48702.0000,0.0030,25.2286,2.9447,0.0000,1.0000,2.8403,2.3081,4.7700,533.0397
2025-10-12 18:53:13,Meaxic - Take A Step_other.wav,48702.0000,0.0003,35.9524,9.8621,0.0000,1.0000,2.3982,2.2654,4.3900,533.0398
2025-10-12 18:53:20,Meaxic - Take A Step_vocals.wav,48702.0000,0.0015,28.2029,3.6438,0.0000,1.0000,2.6462,2.3172,4.6700,533.0397
2025-10-12 18:53:27,Meaxic - You Listen_bass.wav,71096.3945,0.0135,18.6825,-8.4014,0.0000,1.0000,3.3044,2.6335,5.5800,772.2897
2025-10-12 18:53:35,Meaxic - You Listen_drums.wav,71096.3945,0.0001,40.6731,14.3967,0.0000,1.0000,3.5237,2.3093,5.4100,772.2899
2025-10-12 18:53:45,Meaxic - You Listen_mixture.wav,71096.3945,0.0000,43.2851,23.6699,0.0000,1.0000,3.8867,3.3544,6.6400,772.2897
2025-10-12 18:53:52,Meaxic - You Listen_other.wav,71096.3945,0.0001,38.6727,14.9428,0.0000,1.0000,3.2608,2.3440,5.3300,772.2898
2025-10-12 18:54:00,Meaxic - You Listen_vocals.wav,71096.3945,0.0001,40.9550,14.6766,0.0000,1.0000,3.5471,2.3489,5.4600,772.2898
2025-10-12 18:54:16,Music Delta - Disco_bass.wav,21495.3398,0.0023,26.4250,0.8778,0.0000,1.0000,0.9138,2.2113,3.0600,238.7920
2025-10-12 18:54:25,Music Delta - Disco_other.wav,21495.3398,0.0019,27.1897,-6.5414,0.0000,1.0000,1.2256,2.5302,3.5500,238.7920
2025-10-12 18:54:29,Music Delta - Disco_drums.wav,21495.3398,0.0040,23.9534,1.8936,0.0000,1.0000,0.9570,2.2290,3.1100,238.7920
2025-10-12 18:54:33,Music Delta - Disco_mixture.wav,21495.3398,0.0090,20.4675,1.8662,0.0000,1.0000,1.0642,2.2728,3.2300,238.7920
2025-10-12 18:54:37,Music Delta - Gospel_vocals.wav,13046.9766,0.0091,20.4033,2.0147,0.0000,1.0000,0.6981,2.9551,3.5100,148.0398
2025-10-12 18:54:41,Music Delta - Disco_vocals.wav,21495.3398,0.0010,30.0830,6.5737,0.0000,1.0000,0.9418,2.2025,3.0600,238.7920
2025-10-12 18:54:45,Music Delta - Gospel_drums.wav,13046.9766,0.0046,23.4070,1.9388,0.0000,1.0000,0.5829,2.2047,2.7500,148.0398
2025-10-12 18:54:50,Music Delta - Gospel_mixture.wav,13046.9766,0.0210,16.7809,1.1582,0.0000,1.0000,0.6262,3.7145,4.1700,148.0398
2025-10-12 18:54:54,Music Delta - Gospel_other.wav,13046.9766,0.0005,33.2986,5.9234,0.0000,1.0000,0.5566,2.2290,2.7200,148.0399
2025-10-12 18:54:59,Music Delta - Gospel_bass.wav,13046.9766,0.0277,15.5702,-8.4175,0.0000,1.0000,0.5609,2.3815,2.7400,148.0398
2025-10-12 18:55:20,Night Panther - Fire_bass.wav,36691.9492,0.0452,13.4498,-15.8345,0.0000,1.0000,2.1178,2.2903,4.2300,403.7897
2025-10-12 18:55:25,Night Panther - Fire_mixture.wav,36691.9492,0.0082,20.8739,2.2787,0.0000,1.0000,1.7351,2.3557,3.9500,403.7897
2025-10-12 18:55:31,Night Panther - Fire_drums.wav,36691.9492,0.0007,31.3320,5.2340,0.0000,1.0000,2.1244,2.2574,4.1600,403.7897
2025-10-12 18:55:36,Night Panther - Fire_other.wav,36691.9492,0.0028,25.4876,1.7331,0.0000,1.0000,1.7184,2.2721,3.8400,403.7911
2025-10-12 18:55:43,North To Alaska - All The Same_bass.wav,42746.5273,0.0114,19.4332,-10.5584,0.0000,1.0000,2.2086,3.3520,5.2900,467.0398
2025-10-12 18:55:48,Night Panther - Fire_vocals.wav,36691.9492,0.0029,25.3240,3.1160,0.0000,1.0000,1.8617,2.2423,3.8000,403.7897
2025-10-12 18:55:55,North To Alaska - All The Same_drums.wav,42746.5273,0.0003,34.7203,6.3449,0.0000,1.0000,2.0097,3.7862,5.4900,467.0398
2025-10-12 18:56:02,North To Alaska - All The Same_mixture.wav,42746.5273,0.0039,24.0471,3.3317,0.0000,1.0000,1.9702,2.2818,4.0800,467.0398
2025-10-12 18:56:09,North To Alaska - All The Same_vocals.wav,42746.5273,0.0006,32.4473,6.0069,0.0000,1.0000,1.9602,3.7090,5.3800,467.0398
2025-10-12 18:56:14,North To Alaska - All The Same_other.wav,42746.5273,0.0007,31.3587,7.1099,0.0000,1.0000,1.9079,2.2568,4.0200,467.0397
2025-10-12 18:56:21,Patrick Talbot - A Reason To Leave_bass.wav,44745.2695,0.0092,20.3731,-7.3296,0.0000,1.0000,1.9108,2.7085,4.4500,489.0397
2025-10-12 18:56:27,Patrick Talbot - A Reason To Leave_drums.wav,44745.2695,0.0010,30.0957,3.5855,0.0000,1.0000,2.3204,2.2443,4.3500,489.0397
2025-10-12 18:56:36,Patrick Talbot - A Reason To Leave_mixture.wav,44745.2695,0.0011,29.5130,8.5527,0.0000,1.0000,2.0331,3.5868,5.3800,489.0397
2025-10-12 18:56:42,Patrick Talbot - A Reason To Leave_other.wav,44745.2695,0.0062,22.0526,-5.4844,0.0000,1.0000,2.0400,2.2912,4.1600,489.0397
2025-10-12 18:56:48,Patrick Talbot - A Reason To Leave_vocals.wav,44745.2695,0.0003,34.7547,8.4922,0.0000,1.0000,1.8232,2.9173,4.5400,489.0398
2025-10-12 18:56:54,Patrick Talbot - Set Me Free_bass.wav,49953.9961,0.0239,16.2222,-14.6516,0.0000,1.0000,2.3320,2.2861,4.3900,546.7898
2025-10-12 18:57:01,Patrick Talbot - Set Me Free_drums.wav,49953.9961,0.0000,44.3678,17.5869,0.0000,1.0000,2.3808,2.4537,4.5900,546.7899
2025-10-12 18:57:07,Patrick Talbot - Set Me Free_mixture.wav,49953.9961,0.0000,51.3206,30.5730,0.0000,1.0000,2.4709,2.2878,4.5300,546.7897
2025-10-12 18:57:13,Patrick Talbot - Set Me Free_vocals.wav,49953.9961,0.0009,30.4175,3.9521,0.0000,1.0000,2.0116,2.2882,4.1000,546.7899
2025-10-12 18:57:20,Patrick Talbot - Set Me Free_other.wav,49953.9961,0.0012,29.3298,4.4408,0.0000,1.0000,2.3529,2.2637,4.3600,546.7897
2025-10-12 18:57:25,Phre The Eon - Everybody's Falling Apart_drums.wav,38659.8320,0.0026,25.9312,5.4082,0.0000,1.0000,1.7772,2.2615,3.9100,425.7897
2025-10-12 18:57:31,Phre The Eon - Everybody's Falling Apart_bass.wav,38659.8320,0.0010,30.2057,3.2580,0.0000,1.0000,2.0768,2.8701,4.6800,425.7897
2025-10-12 18:57:37,Phre The Eon - Everybody's Falling Apart_other.wav,38659.8320,0.0010,29.8579,6.5686,0.0000,1.0000,1.7765,2.2437,3.8800,425.7898
2025-10-12 18:57:44,Phre The Eon - Everybody's Falling Apart_vocals.wav,38659.8320,0.0003,34.9197,6.7289,0.0000,1.0000,1.6286,3.9187,5.2300,425.7899
2025-10-12 18:57:49,Phre The Eon - Everybody's Falling Apart_mixture.wav,38659.8320,0.0085,20.7249,3.0349,0.0000,1.0000,1.8225,2.2562,3.9200,425.7898
2025-10-12 18:57:58,Port St Willow - Stay Even_drums.wav,54610.7930,0.0001,41.2323,12.7146,0.0000,1.0000,2.7424,3.9500,6.3500,596.2897
2025-10-12 18:58:04,Port St Willow - Stay Even_bass.wav,54610.7930,0.0222,16.5343,-19.3101,0.0000,1.0000,2.5469,2.2993,4.6100,596.2898
2025-10-12 18:58:12,Port St Willow - Stay Even_other.wav,54610.7930,0.0001,41.4330,18.0630,0.0000,1.0000,2.6455,3.7693,5.9800,596.2897
2025-10-12 18:58:18,Port St Willow - Stay Even_mixture.wav,54610.7930,0.0033,24.7694,3.7820,0.0000,1.0000,2.5035,2.3437,4.6400,596.2899
2025-10-12 18:58:26,Port St Willow - Stay Even_vocals.wav,54610.7930,0.0005,32.7242,5.0737,0.0000,1.0000,2.7464,3.4257,5.7900,596.2897
2025-10-12 18:58:32,Remember December - C U Next Time_bass.wav,41811.2305,0.0111,19.5616,-4.4811,0.0000,1.0000,1.7741,2.2704,3.9100,458.7898
2025-10-12 18:58:39,Remember December - C U Next Time_mixture.wav,41811.2305,0.0130,18.8721,1.6462,0.0000,1.0000,2.0144,3.8386,5.5000,458.7897
2025-10-12 18:58:45,Remember December - C U Next Time_drums.wav,41811.2305,0.0024,26.2750,2.3833,0.0000,1.0000,1.9199,2.2703,4.0400,458.7897
2025-10-12 18:58:54,Remember December - C U Next Time_vocals.wav,41811.2305,0.0029,25.4506,2.7221,0.0000,1.0000,3.4004,3.9741,6.7800,458.7897
2025-10-12 18:59:00,Remember December - C U Next Time_other.wav,41811.2305,0.0029,25.4004,2.9519,0.0000,1.0000,1.8599,2.2851,3.9900,458.7897
2025-10-12 18:59:08,Secret Mountains - High Horse_bass.wav,61240.5430,0.0555,12.5577,-12.1400,0.0000,1.0000,3.1594,3.9749,6.5400,667.7898
2025-10-12 18:59:15,Secret Mountains - High Horse_drums.wav,61240.5430,0.0003,35.2446,6.4030,0.0000,1.0000,3.0317,2.3213,5.0600,667.7897
2025-10-12 18:59:23,Secret Mountains - High Horse_mixture.wav,61240.5430,0.0068,21.7044,3.9292,0.0000,1.0000,3.2496,3.1183,5.8800,667.7897
2025-10-12 18:59:30,Secret Mountains - High Horse_other.wav,61240.5430,0.0002,36.8502,16.5264,0.0000,1.0000,2.8644,2.2660,4.9300,667.7897
2025-10-12 18:59:37,Skelpolu - Human Mistakes_bass.wav,55932.2305,0.0910,10.4089,-7.7666,0.0000,1.0000,2.9238,2.7156,5.3000,610.0399
2025-10-12 18:59:44,Secret Mountains - High Horse_vocals.wav,61240.5430,0.0008,30.8825,5.1966,0.0000,1.0000,2.9043,2.3005,4.9700,667.7899
2025-10-12 18:59:51,Skelpolu - Human Mistakes_drums.wav,55932.2305,0.0011,29.6918,6.5069,0.0000,1.0000,3.0903,2.2575,5.0300,610.0397
2025-10-12 18:59:58,Skelpolu - Human Mistakes_other.wav,55932.2305,0.0024,26.2141,2.3147,0.0000,1.0000,2.5933,2.3090,4.6400,610.0397
2025-10-12 19:00:05,Skelpolu - Human Mistakes_mixture.wav,55932.2305,0.0061,22.1322,6.3812,0.0000,1.0000,3.1986,2.4287,5.1900,610.0397
2025-10-12 19:00:11,Skelpolu - Human Mistakes_vocals.wav,55932.2305,0.0174,17.6054,-8.9485,0.0000,1.0000,2.4324,2.2733,4.4700,610.0397
2025-10-12 19:00:18,Skelpolu - Together Alone_bass.wav,56158.6406,0.0233,16.3189,-9.0789,0.0000,1.0000,2.9900,2.8082,5.2900,612.7899
2025-10-12 19:00:25,Skelpolu - Together Alone_mixture.wav,56158.6406,0.0034,24.7248,6.6600,0.0000,1.0000,2.5863,2.3670,4.7200,612.7899
2025-10-12 19:00:32,Skelpolu - Together Alone_drums.wav,56158.6406,0.0012,29.2182,7.4121,0.0000,1.0000,3.0705,2.5711,5.2500,612.7897
2025-10-12 19:00:39,Skelpolu - Together Alone_vocals.wav,56158.6406,0.0012,29.2611,3.4102,0.0000,1.0000,2.5783,2.2938,4.6400,612.7897
2025-10-12 19:00:46,Skelpolu - Together Alone_other.wav,56158.6406,0.0026,25.7905,1.0656,0.0000,1.0000,3.0250,2.7964,5.4900,612.7897
2025-10-12 19:00:52,Snowmine - Curfews_bass.wav,47406.6367,0.0092,20.3482,0.2889,0.0000,1.0000,2.0822,2.2866,4.2200,519.2898
2025-10-12 19:00:59,Snowmine - Curfews_drums.wav,47406.6367,0.0000,46.4204,14.7227,0.0000,1.0000,2.4740,3.3499,5.4000,519.2898
2025-10-12 19:01:05,Snowmine - Curfews_mixture.wav,47406.6367,0.0070,21.5720,4.2037,0.0000,1.0000,2.2235,2.2905,4.3200,519.2897
2025-10-12 19:01:12,Snowmine - Curfews_other.wav,47406.6367,0.0003,34.9839,12.2989,0.0000,1.0000,2.2565,3.7059,5.6600,519.2897
2025-10-12 19:01:18,Snowmine - Curfews_vocals.wav,47406.6367,0.0004,34.4876,8.2654,0.0000,1.0000,2.2157,2.2885,4.3100,519.2897
2025-10-12 19:01:25,Spike Mullings - Mike's Sulking_drums.wav,44250.7734,0.0026,25.8849,2.1490,0.0000,1.0000,1.9946,3.9333,5.6200,483.5399
2025-10-12 19:01:31,Spike Mullings - Mike's Sulking_bass.wav,44250.7734,0.0101,19.9385,-3.8669,0.0000,1.0000,1.8786,2.2547,3.9800,483.5398
2025-10-12 19:01:39,Spike Mullings - Mike's Sulking_mixture.wav,44250.7734,0.0118,19.2896,2.0330,0.0000,1.0000,2.0201,3.6750,5.4300,483.5398
2025-10-12 19:01:44,St Vitus - Word Gets Around_bass.wav,42585.7969,0.0049,23.0603,-3.0689,0.0000,1.0000,1.7255,2.2850,3.7900,467.0398
2025-10-12 19:01:50,Spike Mullings - Mike's Sulking_other.wav,44250.7734,0.0004,34.2369,13.1489,0.0000,1.0000,1.9873,2.6755,4.4900,483.5398
2025-10-12 19:02:01,Spike Mullings - Mike's Sulking_vocals.wav,44250.7734,0.0016,28.0581,2.6216,0.0000,1.0000,2.0513,6.7583,8.3600,483.5397
2025-10-12 19:02:09,St Vitus - Word Gets Around_mixture.wav,42585.7969,0.0020,26.9789,6.5355,0.0000,1.0000,2.9874,2.7472,5.1000,467.0397
2025-10-12 19:02:15,St Vitus - Word Gets Around_drums.wav,42585.7969,0.0003,35.5070,9.7941,0.0000,1.0000,2.0654,2.2721,4.0800,467.0398
2025-10-12 19:02:23,St Vitus - Word Gets Around_other.wav,42585.7969,0.0000,52.6461,19.2142,0.0000,1.0000,2.5056,3.1894,5.2700,467.0398
2025-10-12 19:02:29,St Vitus - Word Gets Around_vocals.wav,42585.7969,0.0006,32.1250,7.4931,0.0000,1.0000,2.0532,2.4870,4.1800,467.0398
2025-10-12 19:02:36,Steven Clark - Bounty_bass.wav,49864.3047,0.0172,17.6354,-5.8787,0.0000,1.0000,2.9209,3.4174,5.6300,544.0398
2025-10-12 19:02:43,Steven Clark - Bounty_drums.wav,49864.3047,0.0000,46.5373,18.2346,0.0000,1.0000,2.4989,2.2773,4.4500,544.0399
2025-10-12 19:02:50,Steven Clark - Bounty_mixture.wav,49864.3047,0.0076,21.2077,2.9996,0.0000,1.0000,2.7320,3.5214,5.5900,544.0398
2025-10-12 19:02:56,Steven Clark - Bounty_other.wav,49864.3047,0.0004,33.5550,11.2294,0.0000,1.0000,2.4310,2.3684,4.5100,544.0397
2025-10-12 19:03:03,Strand Of Oaks - Spacestation_bass.wav,42009.0430,0.0701,11.5411,-26.2234,0.0000,1.0000,2.1546,3.7875,5.5200,461.5397
2025-10-12 19:03:10,Steven Clark - Bounty_vocals.wav,49864.3047,0.0014,28.5750,3.8103,0.0000,1.0000,2.3334,2.3018,4.4300,544.0399
2025-10-12 19:03:16,Strand Of Oaks - Spacestation_drums.wav,42009.0430,0.0008,31.0370,5.7711,0.0000,1.0000,1.8851,3.6519,5.3100,461.5398
2025-10-12 19:03:22,Strand Of Oaks - Spacestation_mixture.wav,42009.0430,0.0047,23.3204,2.4575,0.0000,1.0000,1.9793,2.2403,4.0800,461.5398
2025-10-12 19:03:29,Strand Of Oaks - Spacestation_other.wav,42009.0430,0.0044,23.5277,-1.7897,0.0000,1.0000,2.1885,3.2195,5.0500,461.5398
2025-10-12 19:03:35,Strand Of Oaks - Spacestation_vocals.wav,42009.0430,0.0011,29.5448,2.7573,0.0000,1.0000,2.0659,2.2959,4.1300,461.5398
2025-10-12 19:03:44,Sweet Lights - You Let Me Down_bass.wav,67525.0430,0.0448,13.4883,-19.1371,0.0000,1.0000,3.5164,3.6920,6.8500,733.7898
2025-10-12 19:03:52,Sweet Lights - You Let Me Down_drums.wav,67525.0430,0.0006,32.2519,4.8109,0.0000,1.0000,3.1321,2.3269,5.1900,733.7898
2025-10-12 19:04:00,Sweet Lights - You Let Me Down_mixture.wav,67525.0430,0.0013,28.8972,9.6461,0.0000,1.0000,3.6362,2.8778,5.9900,733.7897
2025-10-12 19:04:07,Sweet Lights - You Let Me Down_other.wav,67525.0430,0.0015,28.2950,5.4470,0.0000,1.0000,3.1614,2.3240,5.2200,733.7898
2025-10-12 19:04:15,Sweet Lights - You Let Me Down_vocals.wav,67525.0430,0.0001,40.4078,16.7140,0.0000,1.0000,3.7027,2.3298,5.6200,733.7897
2025-10-12 19:04:21,Swinging Steaks - Lost My Way_bass.wav,53427.7695,0.0060,22.1825,-0.4788,0.0000,1.0000,2.3114,2.2476,4.3900,582.5398
2025-10-12 19:04:28,Swinging Steaks - Lost My Way_drums.wav,53427.7695,0.0005,32.8971,3.3076,0.0000,1.0000,3.0452,2.3799,4.9700,582.5398
2025-10-12 19:04:34,Swinging Steaks - Lost My Way_other.wav,53427.7695,0.0026,25.7943,5.3563,0.0000,1.0000,2.4230,2.2900,4.5100,582.5398
2025-10-12 19:04:42,Swinging Steaks - Lost My Way_mixture.wav,53427.7695,0.0103,19.8871,2.5081,0.0000,1.0000,3.0082,2.4191,5.0000,582.5398
2025-10-12 19:04:48,Swinging Steaks - Lost My Way_vocals.wav,53427.7695,0.0007,31.4061,5.6587,0.0000,1.0000,2.3467,2.2383,4.3600,582.5399
2025-10-12 19:04:54,The Districts - Vermont_bass.wav,39302.9609,0.0445,13.5180,-39.8240,0.0000,1.0000,2.0793,3.2816,5.0200,431.2897
2025-10-12 19:04:59,The Districts - Vermont_drums.wav,39302.9609,0.0000,43.1622,4.5952,0.0000,1.0000,1.7933,2.2394,3.9100,431.2897
2025-10-12 19:05:06,The Districts - Vermont_mixture.wav,39302.9609,0.0076,21.2059,2.7763,0.0000,1.0000,1.8068,3.5218,5.1300,431.2897
2025-10-12 19:05:11,The Districts - Vermont_other.wav,39302.9609,0.0035,24.5863,3.9996,0.0000,1.0000,1.7682,2.2553,3.9000,431.2899
2025-10-12 19:05:17,The Long Wait - Back Home To Blue_bass.wav,44900.7344,0.0068,21.6740,0.1086,0.0000,1.0000,1.9636,2.5184,4.2700,491.7897
2025-10-12 19:05:23,The Districts - Vermont_vocals.wav,39302.9609,0.0024,26.2079,3.5875,0.0000,1.0000,2.0685,2.2679,4.1500,431.2898
2025-10-12 19:05:29,The Long Wait - Back Home To Blue_mixture.wav,44900.7344,0.0040,24.0005,5.6721,0.0000,1.0000,2.0812,2.2815,4.1800,491.7898
2025-10-12 19:05:35,The Long Wait - Back Home To Blue_drums.wav,44900.7344,0.0002,36.6259,9.1565,0.0000,1.0000,2.4398,2.8669,5.0000,491.7898
2025-10-12 19:05:41,The Long Wait - Back Home To Blue_other.wav,44900.7344,0.0007,31.7356,6.9185,0.0000,1.0000,2.0220,2.3029,4.1200,491.7899
2025-10-12 19:05:48,The Long Wait - Back Home To Blue_vocals.wav,44900.7344,0.0004,34.0615,8.3678,0.0000,1.0000,2.0575,3.4526,5.2200,491.7897
2025-10-12 19:05:54,The Scarlet Brand - Les Fleurs Du Mal_bass.wav,52306.3203,0.0078,21.0843,-4.3270,0.0000,1.0000,2.2746,2.3087,4.3300,571.5399
2025-10-12 19:06:02,The Scarlet Brand - Les Fleurs Du Mal_drums.wav,52306.3203,0.0019,27.3069,3.0436,0.0000,1.0000,2.3542,3.8079,5.8300,571.5398
2025-10-12 19:06:08,The Scarlet Brand - Les Fleurs Du Mal_mixture.wav,52306.3203,0.0061,22.1577,2.6925,0.0000,1.0000,2.3801,2.3024,4.4600,571.5398
2025-10-12 19:06:15,The Scarlet Brand - Les Fleurs Du Mal_other.wav,52306.3203,0.0000,46.5324,20.6610,0.0000,1.0000,2.3830,3.9003,5.8700,571.5399
2025-10-12 19:06:21,The Scarlet Brand - Les Fleurs Du Mal_vocals.wav,52306.3203,0.0019,27.2939,0.4562,0.0000,1.0000,2.1400,2.2605,4.2200,571.5399
2025-10-12 19:06:26,The So So Glos - Emergency_drums.wav,28768.4023,0.0026,25.7678,3.2142,0.0000,1.0000,1.3357,2.7205,3.9400,318.5421
2025-10-12 19:06:31,The So So Glos - Emergency_bass.wav,28768.4023,0.0217,16.6450,-7.5793,0.0000,1.0000,1.4339,2.2225,3.5300,318.5421
2025-10-12 19:06:36,The So So Glos - Emergency_mixture.wav,28768.4023,0.0124,19.0710,1.7945,0.0000,1.0000,1.3255,2.2251,3.4400,318.5421
2025-10-12 19:06:42,The So So Glos - Emergency_vocals.wav,28768.4023,0.0021,26.8553,2.3707,0.0000,1.0000,1.2647,3.9102,4.9000,318.5420
2025-10-12 19:06:47,The So So Glos - Emergency_other.wav,28768.4023,0.0026,25.9144,3.5461,0.0000,1.0000,1.3291,2.2356,3.4600,318.5421
2025-10-12 19:06:52,The Wrong'Uns - Rothko_bass.wav,34856.1445,0.0078,21.0626,-4.4762,0.0000,1.0000,1.5632,2.2433,3.6900,384.5421
2025-10-12 19:06:58,The Wrong'Uns - Rothko_mixture.wav,34856.1445,0.0066,21.8253,3.4376,0.0000,1.0000,1.8831,2.2833,3.9700,384.5398
2025-10-12 19:07:03,The Wrong'Uns - Rothko_drums.wav,34856.1445,0.0003,34.6963,9.8682,0.0000,1.0000,1.5863,2.2370,3.7100,384.5420
2025-10-12 19:07:09,The Wrong'Uns - Rothko_vocals.wav,34856.1445,0.0014,28.5326,4.4598,0.0000,1.0000,1.5950,3.4829,4.8200,384.5420
2025-10-12 19:07:15,The Wrong'Uns - Rothko_other.wav,34856.1445,0.0001,41.4164,17.9641,0.0000,1.0000,1.5658,2.2465,3.6900,384.5420
2025-10-12 19:07:21,Tim Taler - Stalker_bass.wav,40967.9414,0.0009,30.7020,3.0715,0.0000,1.0000,1.8057,3.1185,4.7100,450.5397
2025-10-12 19:07:26,Tim Taler - Stalker_drums.wav,40967.9414,0.0004,34.4699,6.0614,0.0000,1.0000,1.8358,2.2328,3.9000,450.5398
2025-10-12 19:07:32,Tim Taler - Stalker_other.wav,40967.9414,0.0008,30.9715,4.6571,0.0000,1.0000,1.7935,2.2345,3.8700,450.5397
2025-10-12 19:07:38,Tim Taler - Stalker_mixture.wav,40967.9414,0.0034,24.6771,3.6124,0.0000,1.0000,2.2481,2.2569,4.2600,450.5397
2025-10-12 19:07:43,Titanium - Haunted Age_bass.wav,42771.6680,0.0098,20.1023,-5.8044,0.0000,1.0000,1.8897,2.2370,3.9400,469.7898
2025-10-12 19:07:50,Tim Taler - Stalker_vocals.wav,40967.9414,0.0007,31.2747,5.0449,0.0000,1.0000,1.7743,3.7400,5.2000,450.5397
2025-10-12 19:07:55,Titanium - Haunted Age_drums.wav,42771.6680,0.0018,27.3864,1.4968,0.0000,1.0000,1.9337,2.2989,4.0400,469.7897
2025-10-12 19:08:02,Titanium - Haunted Age_other.wav,42771.6680,0.0031,25.1360,2.9608,0.0000,1.0000,1.8798,3.4974,5.1500,469.7898
2025-10-12 19:08:08,Titanium - Haunted Age_mixture.wav,42771.6680,0.0089,20.5087,1.4867,0.0000,1.0000,1.9947,2.6695,4.0200,469.7897
2025-10-12 19:08:14,Titanium - Haunted Age_vocals.wav,42771.6680,0.0002,37.3750,8.6330,0.0000,1.0000,1.7288,2.6255,4.1800,469.7897
2025-10-12 19:08:22,Traffic Experiment - Once More (With Feeling)_bass.wav,74980.8242,0.0059,22.2700,-0.4652,0.0000,1.0000,3.8666,2.2709,5.7900,813.5399
2025-10-12 19:08:31,Traffic Experiment - Once More (With Feeling)_drums.wav,74980.8242,0.0003,35.4514,8.4063,0.0000,1.0000,3.6341,3.5306,6.7400,813.5397
2025-10-12 19:08:39,Traffic Experiment - Once More (With Feeling)_mixture.wav,74980.8242,0.0073,21.3509,3.0177,0.0000,1.0000,3.4708,2.3627,5.4900,813.5397
2025-10-12 19:08:47,Traffic Experiment - Once More (With Feeling)_other.wav,74980.8242,0.0020,27.0014,4.6144,0.0000,1.0000,4.1892,2.3339,6.0400,813.5397
2025-10-12 19:09:02,Traffic Experiment - Once More (With Feeling)_vocals.wav,74980.8242,0.0004,33.8073,5.9752,0.0000,1.0000,3.8879,9.1397,11.5400,813.5398
2025-10-12 19:09:10,Traffic Experiment - Sirens_drums.wav,72603.0156,0.0007,31.3495,4.9212,0.0000,1.0000,3.4000,2.3563,5.4100,788.7899
2025-10-12 19:09:18,Traffic Experiment - Sirens_bass.wav,72603.0156,0.0018,27.5063,-1.3083,0.0000,1.0000,4.0368,2.3699,5.8000,788.7897
2025-10-12 19:09:26,Traffic Experiment - Sirens_mixture.wav,72603.0156,0.0091,20.4085,2.5356,0.0000,1.0000,3.6719,2.4087,5.4600,788.7898
2025-10-12 19:09:35,Traffic Experiment - Sirens_other.wav,72603.0156,0.0042,23.7486,3.8593,0.0000,1.0000,3.4733,2.3255,5.3700,788.7899
2025-10-12 19:09:43,Traffic Experiment - Sirens_vocals.wav,72603.0156,0.0012,29.3198,3.1795,0.0000,1.0000,2.9474,4.0433,6.4800,788.7897
2025-10-12 19:09:48,Triviul - Angelsaint_bass.wav,40809.6367,0.0253,15.9748,-6.2114,0.0000,1.0000,1.6525,2.2425,3.7800,447.7897
2025-10-12 19:09:55,Triviul - Angelsaint_drums.wav,40809.6367,0.0000,48.6791,22.6847,0.0000,1.0000,1.7417,3.1101,4.6100,447.7913
2025-10-12 19:10:00,Triviul - Angelsaint_mixture.wav,40809.6367,0.0068,21.6499,4.5453,0.0000,1.0000,1.8907,2.2780,3.9900,447.7897
2025-10-12 19:10:05,Triviul - Angelsaint_other.wav,40809.6367,0.0006,31.9036,8.9455,0.0000,1.0000,1.8253,2.2394,3.9400,447.7897
2025-10-12 19:10:12,Triviul - Angelsaint_vocals.wav,40809.6367,0.0019,27.2242,4.9568,0.0000,1.0000,2.2079,2.6984,4.5500,447.7897
2025-10-12 19:10:17,Triviul - Dorothy_bass.wav,32309.8164,0.0010,30.1763,1.5569,0.0000,1.0000,1.3364,2.2304,3.4700,357.0421
2025-10-12 19:10:23,Triviul - Dorothy_mixture.wav,32309.8164,0.0044,23.5643,3.4102,0.0000,1.0000,1.6559,3.4380,4.7100,357.0421
2025-10-12 19:10:28,Triviul - Dorothy_drums.wav,32309.8164,0.0007,31.2985,6.5279,0.0000,1.0000,1.4395,2.2475,3.5400,357.0420
2025-10-12 19:10:33,Voelund - Comfort Lives In Belief_bass.wav,36192.2305,0.0057,22.4208,-4.5594,0.0000,1.0000,1.7022,2.2232,3.8000,398.2897
2025-10-12 19:10:39,Triviul - Dorothy_vocals.wav,32309.8164,0.0012,29.1596,5.1550,0.0000,1.0000,1.7920,2.8880,4.4300,357.0397
2025-10-12 19:10:44,Triviul - Dorothy_other.wav,32309.8164,0.0001,42.7815,13.1088,0.0000,1.0000,1.4168,2.2664,3.5600,357.0421
2025-10-12 19:10:51,Voelund - Comfort Lives In Belief_mixture.wav,36192.2305,0.0082,20.8791,2.2644,0.0000,1.0000,1.8255,3.7569,5.3000,398.2921
2025-10-12 19:10:56,Voelund - Comfort Lives In Belief_other.wav,36192.2305,0.0018,27.3765,4.7082,0.0000,1.0000,1.6078,2.2465,3.7400,398.2921
2025-10-12 19:11:02,Voelund - Comfort Lives In Belief_drums.wav,36192.2305,0.0010,30.0488,3.0284,0.0000,1.0000,1.6295,2.6050,4.0800,398.2920
2025-10-12 19:11:08,Voelund - Comfort Lives In Belief_vocals.wav,36192.2305,0.0018,27.3743,3.7883,0.0000,1.0000,1.8513,2.4066,4.0800,398.2897
2025-10-12 19:11:14,Wall Of Death - Femme_bass.wav,41191.5234,0.0001,38.4520,12.3909,0.0000,1.0000,1.9968,2.2404,3.9400,450.5397
2025-10-12 19:11:20,Wall Of Death - Femme_drums.wav,41191.5234,0.0051,22.9407,1.7337,0.0000,1.0000,2.1868,2.2504,4.2000,450.5396
2025-10-12 19:11:26,Wall Of Death - Femme_other.wav,41191.5234,0.0035,24.5835,5.1888,0.0000,1.0000,1.7546,2.2522,3.8700,450.5398
2025-10-12 19:11:33,Wall Of Death - Femme_mixture.wav,41191.5234,0.0175,17.5804,1.2469,0.0000,1.0000,2.2839,2.9207,4.8600,450.5398
2025-10-12 19:11:38,Young Griffo - Blood To Bone_bass.wav,43856.0703,0.0046,23.3510,2.4877,0.0000,1.0000,1.9633,2.2617,4.0300,480.7897
2025-10-12 19:11:46,Wall Of Death - Femme_vocals.wav,41191.5234,0.0009,30.4093,2.8716,0.0000,1.0000,1.9567,3.5463,5.2100,450.5397
2025-10-12 19:11:51,Young Griffo - Blood To Bone_drums.wav,43856.0703,0.0000,45.7954,21.4364,0.0000,1.0000,2.0589,2.2554,4.0800,480.7897
2025-10-12 19:11:59,Young Griffo - Blood To Bone_mixture.wav,43856.0703,0.0051,22.9408,4.8659,0.0000,1.0000,2.0157,3.7773,5.5000,480.7898
2025-10-12 19:12:13,Young Griffo - Blood To Bone_other.wav,43856.0703,0.0022,26.5097,-0.3090,0.0000,1.0000,1.9278,2.5626,4.3100,480.7898
2025-10-12 19:12:19,Young Griffo - Facade_bass.wav,28949.8945,0.0500,13.0097,-12.9483,0.0000,1.0000,1.7198,2.4025,3.8700,321.2898
2025-10-12 19:12:25,Young Griffo - Blood To Bone_vocals.wav,43856.0703,0.0005,33.3868,5.2757,0.0000,1.0000,2.2327,2.2712,4.1400,480.7897
2025-10-12 19:12:31,Young Griffo - Facade_drums.wav,28949.8945,0.0010,30.0500,4.8722,0.0000,1.0000,1.7244,2.6949,4.1300,321.2922
2025-10-12 19:12:36,Young Griffo - Facade_vocals.wav,28949.8945,0.0017,27.8107,4.3322,0.0000,1.0000,1.3968,2.2328,3.4400,321.2921
2025-10-12 19:12:42,Young Griffo - Facade_mixture.wav,28949.8945,0.0092,20.3805,2.3426,0.0000,1.0000,1.3436,3.3874,4.4700,321.2920
2025-10-12 19:12:47,Young Griffo - Facade_other.wav,28949.8945,0.0027,25.6640,3.1710,0.0000,1.0000,1.6907,2.4471,3.9200,321.2920
2025-10-12 19:12:55,Young Griffo - Pennies_bass.wav,47888.9336,0.0038,24.2533,3.4305,0.0000,1.0000,2.7766,3.1688,5.5400,524.7898
2025-10-12 19:13:01,Young Griffo - Pennies_drums.wav,47888.9336,0.0022,26.6072,2.8593,0.0000,1.0000,2.4832,2.4146,4.5000,524.7898
2025-10-12 19:13:08,Young Griffo - Pennies_mixture.wav,47888.9336,0.0135,18.7035,1.7086,0.0000,1.0000,2.3478,3.0260,5.0600,524.7897
2025-10-12 19:13:14,Young Griffo - Pennies_other.wav,47888.9336,0.0013,28.8078,4.1672,0.0000,1.0000,2.2379,2.2500,4.2100,524.7898
2025-10-12 19:13:21,Young Griffo - Pennies_vocals.wav,47888.9336,0.0021,26.7055,2.8063,0.0000,1.0000,2.1204,2.7395,4.5500,524.7898
2025-10-12 19:13:26,AM Contra - Heart Peripheral_bass.wav,36194.0430,0.0383,14.1734,-12.2757,0.0000,1.0000,1.8492,2.2701,3.9600,398.2898
2025-10-12 19:13:31,AM Contra - Heart Peripheral_drums.wav,36194.0430,0.0035,24.5585,2.4997,0.0000,1.0000,1.6648,2.2813,3.8100,398.2920
2025-10-12 19:13:38,AM Contra - Heart Peripheral_mixture.wav,36194.0430,0.0091,20.4041,2.2011,0.0000,1.0000,2.0471,3.1374,4.8900,398.2921
2025-10-12 19:13:43,AM Contra - Heart Peripheral_other.wav,36194.0430,0.0000,46.0894,21.3965,0.0000,1.0000,1.7671,2.2901,3.8300,398.2921
2025-10-12 19:13:50,Al James - Schoolboy Facination_drums.wav,34543.9141,0.0011,29.4328,1.8525,0.0000,1.0000,1.6534,3.6469,5.0500,379.0421
2025-10-12 19:13:55,AM Contra - Heart Peripheral_vocals.wav,36194.0430,0.0011,29.7784,4.8627,0.0000,1.0000,1.6280,2.2452,3.7500,398.2921
2025-10-12 19:14:01,Al James - Schoolboy Facination_bass.wav,34543.9141,0.0146,18.3586,-7.3332,0.0000,1.0000,1.4658,2.2759,3.5600,379.0421
2025-10-12 19:14:06,Al James - Schoolboy Facination_mixture.wav,34543.9141,0.0082,20.8760,1.5152,0.0000,1.0000,1.9942,2.2259,3.9600,379.0397
2025-10-12 19:14:12,Al James - Schoolboy Facination_vocals.wav,34543.9141,0.0029,25.3057,2.4060,0.0000,1.0000,1.7952,2.2630,3.8300,379.0420
2025-10-12 19:14:19,Al James - Schoolboy Facination_other.wav,34543.9141,0.0009,30.4606,3.4069,0.0000,1.0000,1.9391,3.3445,4.9200,379.0421
2025-10-12 19:14:24,Angels In Amplifiers - I'm Alright_mixture.wav,30937.8711,0.0076,21.2162,2.5485,0.0000,1.0000,1.5474,2.2888,3.6500,340.5421
2025-10-12 19:14:30,Angels In Amplifiers - I'm Alright_bass.wav,30937.8711,0.0143,18.4448,-8.2216,0.0000,1.0000,1.4952,3.4310,4.6500,340.5420
2025-10-12 19:14:36,Angels In Amplifiers - I'm Alright_drums.wav,30937.8711,0.0013,28.9864,3.3494,0.0000,1.0000,1.5253,2.2507,3.6000,340.5420
2025-10-12 19:14:40,Angels In Amplifiers - I'm Alright_vocals.wav,30937.8711,0.0016,28.0265,4.5786,0.0000,1.0000,1.4896,2.2322,3.5600,340.5420
2025-10-12 19:14:47,Arise - Run Run Run_bass.wav,37793.8906,0.0526,12.7883,-8.3444,0.0000,1.0000,2.4573,2.7740,4.8300,414.7898
2025-10-12 19:14:52,Angels In Amplifiers - I'm Alright_other.wav,30937.8711,0.0016,27.9906,4.2412,0.0000,1.0000,1.4313,2.3023,3.5600,340.5420
2025-10-12 19:14:59,Arise - Run Run Run_drums.wav,37793.8906,0.0006,32.4656,6.8723,0.0000,1.0000,1.8278,3.7571,5.2900,414.7897
2025-10-12 19:15:04,Arise - Run Run Run_mixture.wav,37793.8906,0.0058,22.3360,5.6965,0.0000,1.0000,1.7357,2.2493,3.8400,414.7921
2025-10-12 19:15:11,Arise - Run Run Run_other.wav,37793.8906,0.0008,30.8505,10.1237,0.0000,1.0000,1.7230,3.0028,4.5100,414.7920
2025-10-12 19:15:16,Arise - Run Run Run_vocals.wav,37793.8906,0.0006,32.1435,6.8334,0.0000,1.0000,1.7618,2.3208,3.8900,414.7898
2025-10-12 19:15:25,BKS - Bulldozer_bass.wav,58060.4805,0.0119,19.2267,-5.7128,0.4995,0.0000,2.9577,4.1855,5.5000,632.0397
2025-10-12 19:15:32,BKS - Bulldozer_drums.wav,58060.4805,0.0010,30.0327,7.8787,0.0647,0.9330,2.9912,2.2960,5.0800,632.0398
2025-10-12 19:15:40,BKS - Bulldozer_other.wav,58060.4805,0.0003,35.7276,9.4907,0.0000,1.0000,2.7263,3.3974,5.8000,632.0397
2025-10-12 19:15:47,BKS - Bulldozer_mixture.wav,58060.4805,0.0078,21.0540,2.4331,0.0000,1.0000,2.6725,2.3108,4.7200,632.0398
2025-10-12 19:15:55,BKS - Bulldozer_vocals.wav,58060.4805,0.0011,29.6231,2.7850,0.4995,0.0000,2.8653,3.4772,5.4000,632.0397
2025-10-12 19:16:00,BKS - Too Much_bass.wav,37920.0117,0.0630,12.0049,-13.1764,0.0000,1.0000,1.5455,2.2236,3.6700,417.5421
2025-10-12 19:16:07,BKS - Too Much_drums.wav,37920.0117,0.0017,27.6016,2.5418,0.0000,1.0000,1.8476,3.7413,5.2600,417.5397
2025-10-12 19:16:12,BKS - Too Much_other.wav,37920.0117,0.0003,34.8631,7.1112,0.0000,1.0000,1.6473,2.2075,3.7400,417.5397
2025-10-12 19:16:19,BKS - Too Much_mixture.wav,37920.0117,0.0062,22.1099,2.3938,0.0000,1.0000,1.6749,2.9944,4.5100,417.5419
2025-10-12 19:16:24,BKS - Too Much_vocals.wav,37920.0117,0.0009,30.3695,4.8804,0.0000,1.0000,1.6561,2.2808,3.7600,417.5397
2025-10-12 19:16:30,Ben Carrigan - We'll Talk About It All Tonight_bass.wav,43912.3945,0.0070,21.5589,-5.8309,0.0000,1.0000,1.7369,2.2361,3.8200,480.7897
2025-10-12 19:16:36,Ben Carrigan - We'll Talk About It All Tonight_drums.wav,43912.3945,0.0010,29.8379,3.0597,0.0000,1.0000,2.2791,2.6390,4.5600,480.7897
2025-10-12 19:16:42,Ben Carrigan - We'll Talk About It All Tonight_mixture.wav,43912.3945,0.0043,23.6969,2.6422,0.0000,1.0000,1.9357,2.2310,4.0100,480.7898
2025-10-12 19:16:49,Ben Carrigan - We'll Talk About It All Tonight_other.wav,43912.3945,0.0002,36.4796,10.7001,0.0000,1.0000,2.2999,3.1591,5.0800,480.7898
2025-10-12 19:16:54,Ben Carrigan - We'll Talk About It All Tonight_vocals.wav,43912.3945,0.0003,35.7202,6.7483,0.0000,1.0000,1.7917,2.2880,3.9300,480.7897
2025-10-12 19:17:01,Bobby Nobody - Stitch Up_bass.wav,38113.8125,0.0216,16.6572,-9.3733,0.0000,1.0000,1.6108,3.4850,4.8700,417.5420
2025-10-12 19:17:06,Bobby Nobody - Stitch Up_drums.wav,38113.8125,0.0004,33.8841,5.3042,0.0000,1.0000,1.7239,2.2300,3.8400,417.5420
2025-10-12 19:17:11,Bobby Nobody - Stitch Up_mixture.wav,38113.8125,0.0050,23.0448,2.2778,0.0000,1.0000,1.7558,2.2453,3.8600,417.5419
2025-10-12 19:17:17,Bobby Nobody - Stitch Up_other.wav,38113.8125,0.0002,38.1238,12.1839,0.0000,1.0000,2.0879,2.2272,4.0700,417.5397
2025-10-12 19:17:23,Buitraker - Revo X_bass.wav,47515.3633,0.0150,18.2334,-6.2332,0.0000,1.0000,2.0380,2.2660,4.1100,519.2897
2025-10-12 19:17:29,Bobby Nobody - Stitch Up_vocals.wav,38113.8125,0.0011,29.6060,2.5095,0.0000,1.0000,1.7314,3.4439,4.8900,417.5421
2025-10-12 19:17:35,Buitraker - Revo X_mixture.wav,47515.3633,0.0020,27.0592,9.5250,0.0000,1.0000,2.2860,2.2653,4.3800,519.2897
2025-10-12 19:17:43,Buitraker - Revo X_drums.wav,47515.3633,0.0001,42.9067,22.0277,0.0000,1.0000,2.3568,3.4144,5.3900,519.2897
2025-10-12 19:17:49,Buitraker - Revo X_other.wav,47515.3633,0.0002,36.4825,12.9042,0.0000,1.0000,2.1382,2.2477,4.2200,519.2897
2025-10-12 19:17:56,Carlos Gonzalez - A Place For Us_bass.wav,43104.1328,0.0020,27.0586,-5.5844,0.0000,1.0000,1.9268,3.8380,5.4300,472.5398
2025-10-12 19:18:02,Buitraker - Revo X_vocals.wav,47515.3633,0.0044,23.6094,-4.3056,0.0000,1.0000,2.0758,2.2280,4.1400,519.2897
2025-10-12 19:18:10,Carlos Gonzalez - A Place For Us_mixture.wav,43104.1328,0.0048,23.2098,4.0095,0.0000,1.0000,1.9520,3.9126,5.5900,472.5398
2025-10-12 19:18:15,Carlos Gonzalez - A Place For Us_drums.wav,43104.1328,0.0006,32.5720,6.3800,0.0000,1.0000,1.9502,2.2920,4.0600,472.5397
2025-10-12 19:18:22,Carlos Gonzalez - A Place For Us_other.wav,43104.1328,0.0009,30.6876,7.2931,0.0000,1.0000,1.9758,2.9873,4.7200,472.5398
2025-10-12 19:18:27,Carlos Gonzalez - A Place For Us_vocals.wav,43104.1328,0.0007,31.6026,8.0989,0.0000,1.0000,2.0818,2.2658,4.1300,472.5399
2025-10-12 19:18:33,Cristina Vane - So Easy_drums.wav,43778.5820,0.0017,27.5948,4.8873,0.0000,1.0000,2.0058,2.2663,4.0700,480.7897
2025-10-12 19:18:39,Cristina Vane - So Easy_bass.wav,43778.5820,0.0103,19.8525,-7.8560,0.0000,1.0000,2.3277,2.5715,4.6200,480.7899
2025-10-12 19:18:45,Cristina Vane - So Easy_mixture.wav,43778.5820,0.0055,22.6078,3.7114,0.0000,1.0000,2.0795,2.2501,4.1400,480.7897
2025-10-12 19:18:52,Cristina Vane - So Easy_vocals.wav,43778.5820,0.0013,28.6990,4.1672,0.0000,1.0000,2.1385,3.2389,5.1100,480.7897
2025-10-12 19:18:58,Cristina Vane - So Easy_other.wav,43778.5820,0.0006,31.9355,5.7263,0.0000,1.0000,2.0067,2.3003,4.1300,480.7897
2025-10-12 19:19:04,Detsky Sad - Walkie Talkie_bass.wav,32813.5664,0.0323,14.9122,-15.7237,0.0000,1.0000,1.3726,3.6571,4.8100,362.5420
2025-10-12 19:19:09,Detsky Sad - Walkie Talkie_mixture.wav,32813.5664,0.0107,19.6921,1.6210,0.0000,1.0000,1.4823,2.2176,3.5900,362.5421
2025-10-12 19:19:14,Detsky Sad - Walkie Talkie_drums.wav,32813.5664,0.0058,22.3694,2.1226,0.0000,1.0000,1.5105,2.2585,3.6400,362.5420
2025-10-12 19:19:19,Detsky Sad - Walkie Talkie_vocals.wav,32813.5664,0.0007,31.8596,4.6824,0.0000,1.0000,1.5383,2.8822,4.1300,362.5398
2025-10-12 19:19:24,Detsky Sad - Walkie Talkie_other.wav,32813.5664,0.0015,28.1004,3.4674,0.0000,1.0000,1.4291,2.2330,3.5400,362.5420
2025-10-12 19:19:29,Enda Reilly - Cur An Long Ag Seol_bass.wav,32212.9453,0.0072,21.4452,-3.1652,0.0000,1.0000,1.3635,2.9060,4.1100,354.2921
2025-10-12 19:19:34,Enda Reilly - Cur An Long Ag Seol_drums.wav,32212.9453,0.0006,32.3989,8.5200,0.0000,1.0000,1.6436,2.2936,3.7600,354.2920
2025-10-12 19:19:39,Enda Reilly - Cur An Long Ag Seol_other.wav,32212.9453,0.0011,29.5709,5.7107,0.0000,1.0000,1.4247,2.2738,3.5800,354.2920
2025-10-12 19:19:46,Enda Reilly - Cur An Long Ag Seol_mixture.wav,32212.9453,0.0059,22.2974,4.2769,0.0000,1.0000,1.5234,3.7271,4.9500,354.2921
2025-10-12 19:19:50,Enda Reilly - Cur An Long Ag Seol_vocals.wav,32212.9453,0.0006,32.4163,8.4479,0.0000,1.0000,1.4124,2.2275,3.5100,354.2921
2025-10-12 19:19:57,Forkupines - Semantics_drums.wav,47129.3047,0.0056,22.5460,2.7364,0.0000,1.0000,2.3043,3.0193,5.1100,516.5399
2025-10-12 19:20:03,Forkupines - Semantics_bass.wav,47129.3047,0.0159,17.9945,-8.5962,0.0000,1.0000,2.0855,2.2777,4.1400,516.5397
2025-10-12 19:20:09,Forkupines - Semantics_other.wav,47129.3047,0.0021,26.7623,2.7843,0.0000,1.0000,2.3432,2.4379,4.3200,516.5397
2025-10-12 19:20:15,Forkupines - Semantics_mixture.wav,47129.3047,0.0129,18.9082,1.6854,0.0000,1.0000,2.5156,2.2923,4.5100,516.5398
2025-10-12 19:20:21,Forkupines - Semantics_vocals.wav,47129.3047,0.0010,29.8168,3.4849,0.0000,1.0000,1.9149,2.2600,4.0000,516.5398
2025-10-12 19:20:29,Georgia Wonder - Siren_bass.wav,74138.8633,0.0201,16.9784,-6.9966,0.0000,1.0000,4.4804,2.3315,6.2500,805.2898
2025-10-12 19:20:38,Georgia Wonder - Siren_drums.wav,74138.8633,0.0036,24.3864,1.1137,0.0000,1.0000,3.6115,2.8902,6.1100,805.2897
2025-10-12 19:20:46,Georgia Wonder - Siren_mixture.wav,74138.8633,0.0119,19.2437,1.0624,0.0000,1.0000,3.5248,2.3300,5.5500,805.2897
2025-10-12 19:20:55,Georgia Wonder - Siren_vocals.wav,74138.8633,0.0010,29.9099,4.0949,0.0000,1.0000,3.8646,2.8338,5.9300,805.2898
2025-10-12 19:21:02,Georgia Wonder - Siren_other.wav,74138.8633,0.0009,30.4079,6.3487,0.0000,1.0000,3.4798,2.3424,5.4500,805.2898
2025-10-12 19:21:12,Girls Under Glass - We Feel Alright_bass.wav,54656.6953,0.0045,23.4384,0.0169,0.0000,1.0000,4.3724,2.3808,6.1800,596.2898
2025-10-12 19:21:18,Girls Under Glass - We Feel Alright_drums.wav,54656.6953,0.0014,28.3891,6.1778,0.0000,1.0000,2.4644,2.3158,4.5700,596.2897
2025-10-12 19:21:25,Girls Under Glass - We Feel Alright_mixture.wav,54656.6953,0.0102,19.9206,2.1017,0.0000,1.0000,3.0411,2.8314,5.4400,596.2897
2025-10-12 19:21:31,Girls Under Glass - We Feel Alright_vocals.wav,54656.6953,0.0007,31.5881,2.4176,0.0000,1.0000,2.2163,2.2725,4.2600,596.2898
2025-10-12 19:21:38,Girls Under Glass - We Feel Alright_other.wav,54656.6953,0.0028,25.5320,2.4183,0.0000,1.0000,2.8812,3.1367,5.5500,596.2897
2025-10-12 19:21:42,Hollow Ground - Ill Fate_drums.wav,24405.6211,0.0008,30.9434,6.3895,0.0000,1.0000,1.0736,2.2322,3.2200,271.7920
2025-10-12 19:21:47,Hollow Ground - Ill Fate_bass.wav,24405.6211,0.0065,21.8858,-2.3277,0.0000,1.0000,1.0232,2.4263,3.3500,271.7921
2025-10-12 19:21:52,Hollow Ground - Ill Fate_mixture.wav,24405.6211,0.0096,20.1974,3.1111,0.0000,1.0000,1.2936,2.2291,3.4100,271.7920
2025-10-12 19:21:57,James Elder & Mark M Thompson - The English Actor_bass.wav,35396.0156,0.0064,21.9430,-6.6429,0.0000,1.0000,1.4114,2.2289,3.5200,390.0421
2025-10-12 19:22:03,Hollow Ground - Ill Fate_vocals.wav,24405.6211,0.0002,36.6582,8.2139,0.0000,1.0000,1.0240,3.6616,4.5000,271.7920
2025-10-12 19:22:08,Hollow Ground - Ill Fate_other.wav,24405.6211,0.0023,26.4647,6.8324,0.0000,1.0000,1.0945,2.2159,3.2400,271.7920
2025-10-12 19:22:13,James Elder & Mark M Thompson - The English Actor_drums.wav,35396.0156,0.0003,35.8803,9.1070,0.0000,1.0000,1.8104,2.2294,3.9200,390.0397
2025-10-12 19:22:27,James Elder & Mark M Thompson - The English Actor_vocals.wav,35396.0156,0.0016,27.9316,3.8912,0.0000,1.0000,10.3809,2.4702,10.1600,390.0400
2025-10-12 19:22:33,James Elder & Mark M Thompson - The English Actor_other.wav,35396.0156,0.0037,24.2600,0.4928,0.0000,1.0000,1.8308,2.3808,3.9200,390.0398
2025-10-12 19:22:39,James Elder & Mark M Thompson - The English Actor_mixture.wav,35396.0156,0.0050,23.0007,3.6365,0.0000,1.0000,2.1673,2.3089,4.2000,390.0397
2025-10-12 19:22:45,Juliet's Rescue - Heartbeats_drums.wav,46107.2461,0.0024,26.1260,4.6423,0.0000,1.0000,2.3534,2.4551,4.3900,505.5397
2025-10-12 19:22:52,Juliet's Rescue - Heartbeats_bass.wav,46107.2461,0.0015,28.1572,-0.9122,0.0000,1.0000,2.6741,2.5466,4.7700,505.5398
2025-10-12 19:22:59,Juliet's Rescue - Heartbeats_mixture.wav,46107.2461,0.0084,20.7401,2.5971,0.0000,1.0000,2.4209,2.3783,4.4000,505.5399
2025-10-12 19:23:06,Juliet's Rescue - Heartbeats_other.wav,46107.2461,0.0018,27.5117,4.1365,0.0000,1.0000,2.9520,2.4196,4.7400,505.5397
2025-10-12 19:23:12,Juliet's Rescue - Heartbeats_vocals.wav,46107.2461,0.0009,30.2656,4.0242,0.0000,1.0000,2.0879,2.2358,4.1000,505.5397
2025-10-12 19:23:20,Little Chicago's Finest - My Own_bass.wav,48512.0430,0.0620,12.0738,-21.6386,0.0000,1.0000,2.7250,3.2192,5.1800,530.2897
2025-10-12 19:23:26,Little Chicago's Finest - My Own_mixture.wav,48512.0430,0.0049,23.1003,2.6670,0.0000,1.0000,2.4623,2.3385,4.4800,530.2898
2025-10-12 19:23:33,Little Chicago's Finest - My Own_drums.wav,48512.0430,0.0012,29.3713,7.4241,0.0000,1.0000,2.4939,3.4242,5.5000,530.2898
2025-10-12 19:23:39,Little Chicago's Finest - My Own_vocals.wav,48512.0430,0.0008,30.7513,3.4771,0.0000,1.0000,2.3820,2.3183,4.4100,530.2897
2025-10-12 19:23:46,Little Chicago's Finest - My Own_other.wav,48512.0430,0.0001,38.7924,4.4473,0.0000,1.0000,2.4034,3.4733,5.4700,530.2898
2025-10-12 19:23:54,Louis Cressy Band - Good Time_drums.wav,50443.1094,0.0011,29.6359,4.4555,0.0000,1.0000,2.5029,2.3070,4.4400,552.2898
2025-10-12 19:24:01,Louis Cressy Band - Good Time_bass.wav,50443.1094,0.0129,18.8982,-9.4476,0.0000,1.0000,2.7957,2.7513,5.1900,552.2897
2025-10-12 19:24:07,Louis Cressy Band - Good Time_mixture.wav,50443.1094,0.0055,22.6037,2.5995,0.0000,1.0000,2.3119,2.2989,4.4200,552.2898
2025-10-12 19:24:14,Louis Cressy Band - Good Time_other.wav,50443.1094,0.0001,41.5199,17.5210,0.0000,1.0000,2.8329,3.0496,5.4500,552.2898
2025-10-12 19:24:21,Louis Cressy Band - Good Time_vocals.wav,50443.1094,0.0008,31.0529,2.8314,0.0000,1.0000,2.3919,2.3611,4.5400,552.2898
2025-10-12 19:24:28,Lyndsey Ollard - Catching Up_drums.wav,39178.1680,0.0011,29.6130,-0.6192,0.0000,1.0000,1.9797,3.5268,5.0500,431.2897
2025-10-12 19:24:33,Lyndsey Ollard - Catching Up_bass.wav,39178.1680,0.0031,25.0599,-7.7610,0.0000,1.0000,1.8403,2.2153,3.8300,431.2898
2025-10-12 19:24:39,Lyndsey Ollard - Catching Up_vocals.wav,39178.1680,0.0005,33.2080,7.3318,0.0000,1.0000,1.9762,3.2222,4.9000,431.2897
2025-10-12 19:24:45,Lyndsey Ollard - Catching Up_other.wav,39178.1680,0.0006,32.1496,1.8908,0.0000,1.0000,1.8416,2.2700,3.9400,431.2897
2025-10-12 19:24:50,Lyndsey Ollard - Catching Up_mixture.wav,39178.1680,0.0010,29.9044,6.9022,0.0000,1.0000,1.8521,2.2563,3.9200,431.2898
2025-10-12 19:24:57,M.E.R.C. Music - Knockout_drums.wav,46511.7617,0.0017,27.6169,1.8797,0.0000,1.0000,2.7892,2.3310,4.7000,508.2897
2025-10-12 19:25:03,M.E.R.C. Music - Knockout_bass.wav,46511.7617,0.0977,10.1032,-20.0761,0.0000,1.0000,1.9702,2.2905,4.0300,508.2898
2025-10-12 19:25:10,M.E.R.C. Music - Knockout_other.wav,46511.7617,0.0004,33.7906,6.6093,0.0000,1.0000,2.6211,2.6464,4.7800,508.2898
2025-10-12 19:25:15,M.E.R.C. Music - Knockout_mixture.wav,46511.7617,0.0067,21.7471,1.6393,0.0000,1.0000,2.1703,2.2875,4.2700,508.2898
2025-10-12 19:25:22,Moosmusic - Big Dummy Shake_bass.wav,34256.2930,0.0513,12.9013,-11.7557,0.0000,1.0000,1.5104,3.7028,4.9500,376.2921
2025-10-12 19:25:27,M.E.R.C. Music - Knockout_vocals.wav,46511.7617,0.0011,29.4381,5.6878,0.0000,1.0000,2.0841,2.3370,4.2100,508.2897
2025-10-12 19:25:34,Moosmusic - Big Dummy Shake_mixture.wav,34256.2930,0.0140,18.5275,1.7630,0.0000,1.0000,1.5152,3.3904,4.7200,376.2921
2025-10-12 19:25:39,Moosmusic - Big Dummy Shake_drums.wav,34256.2930,0.0043,23.6418,2.5827,0.0000,1.0000,1.5526,2.2273,3.6500,376.2921
2025-10-12 19:25:44,Moosmusic - Big Dummy Shake_other.wav,34256.2930,0.0023,26.3904,3.2756,0.0000,1.0000,1.5111,2.2128,3.5900,376.2920
2025-10-12 19:25:50,Moosmusic - Big Dummy Shake_vocals.wav,34256.2930,0.0021,26.7518,3.6525,0.0000,1.0000,1.8207,2.7876,4.3600,376.2916
2025-10-12 19:25:56,Motor Tapes - Shore_drums.wav,42501.9727,0.0004,33.5002,2.8768,0.0000,1.0000,2.0216,2.2487,4.1200,467.0398
2025-10-12 19:26:02,Motor Tapes - Shore_bass.wav,42501.9727,0.0282,15.4931,-11.3335,0.0000,1.0000,1.7846,3.7998,5.3200,467.0399
2025-10-12 19:26:08,Motor Tapes - Shore_vocals.wav,42501.9727,0.0001,39.0829,15.3626,0.0000,1.0000,1.8151,2.2827,3.9300,467.0398
2025-10-12 19:26:15,Motor Tapes - Shore_other.wav,42501.9727,0.0003,34.6872,13.4979,0.0000,1.0000,1.8044,3.4411,5.0200,467.0397
2025-10-12 19:26:21,Motor Tapes - Shore_mixture.wav,42501.9727,0.0039,24.0839,5.8064,0.0000,1.0000,1.9097,2.2347,3.9900,467.0398
2025-10-12 19:26:28,Mu - Too Bright_drums.wav,46884.7461,0.0020,27.0180,4.3514,0.0000,1.0000,2.1450,3.2793,5.1400,513.7898
2025-10-12 19:26:34,Mu - Too Bright_mixture.wav,46884.7461,0.0058,22.3774,2.9837,0.0000,1.0000,2.2127,2.2523,4.3000,513.7897
2025-10-12 19:26:40,Mu - Too Bright_bass.wav,46884.7461,0.0082,20.8599,-11.4175,0.0000,1.0000,1.7564,2.5909,4.1500,513.7897
2025-10-12 19:26:46,Mu - Too Bright_vocals.wav,46884.7461,0.0012,29.2277,3.9032,0.0000,1.0000,2.2851,2.4754,4.3100,513.7899
2025-10-12 19:26:52,Mu - Too Bright_other.wav,46884.7461,0.0133,18.7463,-7.1526,0.0000,1.0000,2.0267,2.2600,4.1100,513.7897
2025-10-12 19:26:59,Nerve 9 - Pray For The Rain_drums.wav,59210.1992,0.0002,38.1248,9.9027,0.0000,1.0000,3.1936,2.2869,5.1700,645.7897
2025-10-12 19:27:06,Nerve 9 - Pray For The Rain_bass.wav,59210.1992,0.0040,24.0192,-3.7687,0.0000,1.0000,2.5972,2.4839,4.7900,645.7897
2025-10-12 19:27:14,Nerve 9 - Pray For The Rain_mixture.wav,59210.1992,0.0033,24.8587,5.3414,0.0000,1.0000,3.0188,2.3142,4.9600,645.7897
2025-10-12 19:27:21,Nerve 9 - Pray For The Rain_vocals.wav,59210.1992,0.0009,30.4899,5.5109,0.0000,1.0000,2.5272,2.7837,5.0800,645.7897
2025-10-12 19:27:28,Nerve 9 - Pray For The Rain_other.wav,59210.1992,0.0041,23.8513,0.6268,0.0000,1.0000,2.6597,2.3188,4.7400,645.7897
2025-10-12 19:27:32,PR - Happy Daze_bass.wav,28028.2539,0.0087,20.6276,-5.3021,0.0000,1.0000,1.2391,2.2813,3.4100,310.2925
2025-10-12 19:27:37,PR - Happy Daze_mixture.wav,28028.2598,0.0205,16.8874,1.7604,0.0000,1.0000,1.5407,2.7245,4.0700,310.2921
2025-10-12 19:27:42,PR - Happy Daze_other.wav,28028.2559,0.0039,24.0757,-5.8694,0.0000,1.0000,1.2604,2.5135,3.3800,310.2920
2025-10-12 19:27:47,PR - Happy Daze_drums.wav,28028.2559,0.0179,17.4752,1.7575,0.0000,1.0000,1.2596,2.9072,4.0300,310.2921
2025-10-12 19:27:52,PR - Happy Daze_vocals.wav,28028.2578,0.0042,23.7196,-16.7548,0.0000,1.0000,1.4939,2.2764,3.6000,310.2921
2025-10-12 19:27:56,PR - Oh No_bass.wav,13125.9453,0.0101,19.9395,-2.7455,0.0000,1.0000,0.5672,2.2107,2.7200,150.7898
2025-10-12 19:28:00,PR - Oh No_other.wav,13125.9473,0.0027,25.6092,-1.0798,0.0000,1.0000,0.5766,2.7672,3.2400,150.7899
2025-10-12 19:28:04,PR - Oh No_drums.wav,13125.9473,0.0092,20.3704,1.9074,0.0000,1.0000,0.7442,2.4241,3.0500,150.7898
2025-10-12 19:28:08,PR - Oh No_mixture.wav,13125.9492,0.0023,26.4480,4.4148,0.0000,1.0000,0.5790,2.2262,2.7600,150.7899
2025-10-12 19:28:12,PR - Oh No_vocals.wav,13125.9492,0.0003,35.9052,0.9875,0.0000,1.0000,0.5655,2.2096,2.7200,150.7898
2025-10-12 19:28:18,Punkdisco - Oral Hygiene_bass.wav,38173.7969,0.0001,39.1992,17.2155,0.0000,1.0000,2.5190,2.6919,4.7600,420.2897
2025-10-12 19:28:24,Punkdisco - Oral Hygiene_mixture.wav,38173.7969,0.0081,20.9149,2.1938,0.0000,1.0000,1.8911,2.2666,4.0200,420.2897
2025-10-12 19:28:31,Punkdisco - Oral Hygiene_drums.wav,38173.7969,0.0031,25.1063,2.5961,0.0000,1.0000,1.8411,3.7394,5.2400,420.2897
2025-10-12 19:28:36,Punkdisco - Oral Hygiene_vocals.wav,38173.7969,0.0002,36.2024,5.4698,0.0000,1.0000,1.6816,2.2315,3.7800,420.2897
2025-10-12 19:28:42,Punkdisco - Oral Hygiene_other.wav,38173.7969,0.0002,37.7523,5.1474,0.0000,1.0000,1.7151,2.8187,4.3600,420.2897
2025-10-12 19:28:47,Raft Monk - Tiring_mixture.wav,36562.6523,0.0127,18.9727,2.3631,0.0000,1.0000,1.7933,2.2622,3.8900,401.0397
2025-10-12 19:28:52,Raft Monk - Tiring_drums.wav,36562.6523,0.0011,29.6388,6.4884,0.0000,1.0000,1.6787,2.2433,3.8000,401.0421
2025-10-12 19:28:59,Raft Monk - Tiring_bass.wav,36562.6523,0.0284,15.4654,-6.5808,0.0000,1.0000,1.9076,3.2426,4.8300,401.0420
2025-10-12 19:29:05,Sambasevam Shanmugam - Kaathaadi_bass.wav,54759.7461,0.0042,23.7648,-0.4588,0.0000,1.0000,2.4550,2.3164,4.5600,596.2898
2025-10-12 19:29:11,Raft Monk - Tiring_vocals.wav,36562.6523,0.0019,27.2875,3.1112,0.0000,1.0000,1.6038,3.8107,5.1900,401.0397
2025-10-12 19:29:16,Raft Monk - Tiring_other.wav,36562.6523,0.0027,25.6940,4.0996,0.0000,1.0000,1.7625,2.2456,3.7800,401.0397
2025-10-12 19:29:24,Sambasevam Shanmugam - Kaathaadi_drums.wav,54759.7461,0.0002,37.1053,8.6667,0.0000,1.0000,2.5132,3.4613,5.6800,596.2897
2025-10-12 19:29:31,Sambasevam Shanmugam - Kaathaadi_mixture.wav,54759.7461,0.0024,26.2851,6.9287,0.0000,1.0000,2.5967,2.2915,4.6700,596.2897
2025-10-12 19:29:39,Sambasevam Shanmugam - Kaathaadi_other.wav,54759.7461,0.0000,43.0700,16.5694,0.0000,1.0000,2.6011,3.8708,6.0100,596.2897
2025-10-12 19:29:45,Secretariat - Borderline_bass.wav,49413.6836,0.0096,20.1575,-7.1192,0.0000,1.0000,2.0689,2.2706,4.1400,541.2898
2025-10-12 19:29:53,Sambasevam Shanmugam - Kaathaadi_vocals.wav,54759.7461,0.0002,37.9835,14.2378,0.0000,1.0000,2.2539,3.9758,5.9000,596.2898
2025-10-12 19:29:59,Secretariat - Borderline_drums.wav,49413.6836,0.0006,32.4767,4.0306,0.0000,1.0000,2.1978,2.3083,4.3200,541.2899
2025-10-12 19:30:07,Secretariat - Borderline_mixture.wav,49413.6836,0.0084,20.7570,1.9374,0.0000,1.0000,2.2592,3.9107,5.8200,541.2899
2025-10-12 19:30:13,Secretariat - Borderline_other.wav,49413.6836,0.0021,26.7138,4.8297,0.0000,1.0000,2.2381,2.2747,4.3300,541.2898
2025-10-12 19:30:20,Secretariat - Over The Top_bass.wav,43255.2305,0.0037,24.3525,3.5377,0.0000,1.0000,1.8394,3.9584,5.4900,472.5397
2025-10-12 19:30:26,Secretariat - Borderline_vocals.wav,49413.6836,0.0017,27.6099,2.9239,0.0000,1.0000,2.1021,2.6986,4.6200,541.2897
2025-10-12 19:30:34,Secretariat - Over The Top_mixture.wav,43255.2305,0.0164,17.8501,1.0359,0.0000,1.0000,2.2834,3.9260,5.9300,472.5399
2025-10-12 19:30:40,Secretariat - Over The Top_drums.wav,43255.2305,0.0034,24.7267,1.4435,0.0000,1.0000,1.9644,2.3105,4.1000,472.5397
2025-10-12 19:30:46,Secretariat - Over The Top_vocals.wav,43255.2305,0.0017,27.7814,1.8264,0.0000,1.0000,1.8233,3.0645,4.6300,472.5398
2025-10-12 19:30:52,Secretariat - Over The Top_other.wav,43255.2305,0.0017,27.6250,4.8878,0.0000,1.0000,1.9168,2.2791,4.0200,472.5398
2025-10-12 19:30:57,Side Effects Project - Sing With Me_bass.wav,41978.2539,0.0265,15.7670,-13.9870,0.0000,1.0000,1.7779,2.2652,3.8800,458.7897
2025-10-12 19:31:04,Side Effects Project - Sing With Me_mixture.wav,41978.2539,0.0065,21.8656,2.4778,0.0000,1.0000,2.1646,2.2605,4.2000,458.7898
2025-10-12 19:31:10,Side Effects Project - Sing With Me_other.wav,41978.2539,0.0000,47.8888,13.7996,0.0000,1.0000,1.8670,3.2423,4.9300,458.7897
2025-10-12 19:31:16,Side Effects Project - Sing With Me_drums.wav,41978.2539,0.0018,27.4821,4.8772,0.0000,1.0000,2.2688,2.2610,4.3200,458.7898
2025-10-12 19:31:21,Signe Jakobsen - What Have You Done To Me_bass.wav,30559.5039,0.0114,19.4381,-8.4440,0.0000,1.0000,1.3532,2.2860,3.5100,337.7920
2025-10-12 19:31:27,Signe Jakobsen - What Have You Done To Me_drums.wav,30559.5039,0.0003,35.3085,7.7784,0.0000,1.0000,1.3977,3.9226,4.9800,337.7921
2025-10-12 19:31:33,Side Effects Project - Sing With Me_vocals.wav,41978.2539,0.0022,26.6207,3.2671,0.0000,1.0000,1.9703,2.2258,4.0600,458.7897
2025-10-12 19:31:39,Signe Jakobsen - What Have You Done To Me_other.wav,30559.5039,0.0001,38.4022,15.9456,0.0000,1.0000,1.3603,2.8450,4.0700,337.7920
2025-10-12 19:31:44,Signe Jakobsen - What Have You Done To Me_vocals.wav,30559.5039,0.0025,26.0887,3.2199,0.0000,1.0000,1.4187,2.2360,3.5400,337.7921
2025-10-12 19:31:49,Signe Jakobsen - What Have You Done To Me_mixture.wav,30559.5039,0.0081,20.9302,2.4473,0.0000,1.0000,1.4194,2.2776,3.5700,337.7919
2025-10-12 19:31:57,Skelpolu - Resurrection_bass.wav,68159.1641,0.0230,16.3764,-1.9587,0.0000,1.0000,4.1139,2.3174,6.0300,742.0398
2025-10-12 19:32:05,Skelpolu - Resurrection_drums.wav,68159.1641,0.0031,25.0678,2.6344,0.0000,1.0000,3.1863,2.3571,5.2900,742.0398
2025-10-12 19:32:13,Skelpolu - Resurrection_other.wav,68159.1641,0.0006,32.5332,7.6144,0.0000,1.0000,3.5279,2.2878,5.4900,742.0398
2025-10-12 19:32:21,Skelpolu - Resurrection_mixture.wav,68159.1641,0.0140,18.5511,2.4706,0.0000,1.0000,3.1733,3.5995,6.4100,742.0398
2025-10-12 19:32:35,Speak Softly - Broken Man_bass.wav,43610.8398,0.0402,13.9559,-7.6273,0.0000,1.0000,1.6940,8.7605,9.8300,478.0397
2025-10-12 19:32:43,Skelpolu - Resurrection_vocals.wav,68159.1641,0.0008,30.9752,0.1458,0.0000,1.0000,3.6358,2.2940,5.2400,742.0400
2025-10-12 19:32:49,Speak Softly - Broken Man_drums.wav,43610.8398,0.0006,32.0360,6.6497,0.0000,1.0000,2.1300,2.5121,4.3600,478.0398
2025-10-12 19:32:55,Speak Softly - Broken Man_other.wav,43610.8398,0.0052,22.8009,-0.6463,0.0000,1.0000,2.2960,2.3459,4.2800,478.0398
2025-10-12 19:33:01,Speak Softly - Broken Man_mixture.wav,43610.8398,0.0062,22.0415,4.0896,0.0000,1.0000,2.3204,2.2597,4.2900,478.0399
2025-10-12 19:33:07,Speak Softly - Broken Man_vocals.wav,43610.8398,0.0003,35.7137,7.8572,0.0000,1.0000,2.6620,2.3516,4.5200,478.0398
2025-10-12 19:33:14,Speak Softly - Like Horses_bass.wav,53861.7617,0.0605,12.1835,-10.6221,0.0000,1.0000,2.3584,2.4578,4.3400,588.0398
2025-10-12 19:33:21,Speak Softly - Like Horses_drums.wav,53861.7617,0.0006,32.0245,4.8400,0.0000,1.0000,3.1208,2.6757,5.3900,588.0397
2025-10-12 19:33:27,Speak Softly - Like Horses_mixture.wav,53861.7617,0.0084,20.7470,3.4847,0.0000,1.0000,2.6223,2.3759,4.6300,588.0398
2025-10-12 19:33:34,Speak Softly - Like Horses_vocals.wav,53861.7617,0.0013,28.8764,6.6151,0.0000,1.0000,2.9670,2.7548,5.3600,588.0398
2025-10-12 19:33:41,Speak Softly - Like Horses_other.wav,53861.7617,0.0026,25.9251,3.4013,0.0000,1.0000,2.4795,2.3630,4.4600,588.0397
2025-10-12 19:33:48,The Doppler Shift - Atrophy_bass.wav,57096.1016,0.0345,14.6195,-13.3918,0.0000,1.0000,3.2017,2.8486,5.4200,623.7898
2025-10-12 19:33:55,The Doppler Shift - Atrophy_mixture.wav,57096.1016,0.0087,20.5882,2.8659,0.0000,1.0000,2.6963,2.2850,4.7800,623.7897
2025-10-12 19:34:02,The Doppler Shift - Atrophy_drums.wav,57096.1016,0.0003,35.4427,13.9696,0.0000,1.0000,3.4191,2.4407,5.4400,623.7897
2025-10-12 19:34:09,The Doppler Shift - Atrophy_other.wav,57096.1016,0.0007,31.4163,8.1211,0.0000,1.0000,3.2361,2.2990,4.7700,623.7897
2025-10-12 19:34:16,The Easton Ellises (Baumi) - SDRNR_bass.wav,40428.0430,0.0000,51.9177,27.3402,0.0000,1.0000,2.2790,2.4954,4.5100,442.2898
2025-10-12 19:34:22,The Easton Ellises (Baumi) - SDRNR_drums.wav,40428.0430,0.0027,25.6976,3.2011,0.0000,1.0000,1.9523,2.2418,4.0100,442.2898
2025-10-12 19:34:29,The Doppler Shift - Atrophy_vocals.wav,57096.1016,0.0016,28.0154,3.3580,0.3698,0.5095,3.1520,2.8538,5.5800,623.7897
2025-10-12 19:34:35,The Easton Ellises (Baumi) - SDRNR_other.wav,40428.0430,0.0024,26.2007,1.8660,0.0000,1.0000,1.8085,2.2408,3.9300,442.2897
2025-10-12 19:34:42,The Easton Ellises (Baumi) - SDRNR_mixture.wav,40428.0430,0.0122,19.1302,1.7117,0.0000,1.0000,1.9416,3.5521,5.2100,442.2897
2025-10-12 19:34:47,The Easton Ellises (Baumi) - SDRNR_vocals.wav,40428.0430,0.0024,26.1674,3.4541,0.0000,1.0000,1.8683,2.2751,3.9700,442.2897
2025-10-12 19:34:54,The Easton Ellises - Falcon 69_bass.wav,42548.0430,0.0138,18.5869,-4.7719,0.0000,1.0000,1.7870,3.4745,5.0300,467.0398
2025-10-12 19:35:00,The Easton Ellises - Falcon 69_drums.wav,42548.0430,0.0035,24.5584,3.1763,0.0000,1.0000,1.9141,2.2842,4.0200,467.0397
2025-10-12 19:35:06,The Easton Ellises - Falcon 69_mixture.wav,42548.0430,0.0126,18.9963,2.2769,0.0000,1.0000,1.9526,2.5893,4.3700,467.0398
2025-10-12 19:35:12,The Easton Ellises - Falcon 69_vocals.wav,42548.0430,0.0011,29.4178,5.6568,0.0000,1.0000,2.1533,2.2770,4.2100,467.0399
2025-10-12 19:35:18,The Easton Ellises - Falcon 69_other.wav,42548.0430,0.0011,29.6919,6.8952,0.0000,1.0000,1.9245,2.2737,4.0500,467.0397
2025-10-12 19:35:25,The Long Wait - Dark Horses_bass.wav,52665.2500,0.0136,18.6698,-7.5003,0.0000,1.0000,2.9775,2.3011,4.9200,574.2897
2025-10-12 19:35:31,The Long Wait - Dark Horses_drums.wav,52665.2500,0.0002,36.4875,7.2993,0.0000,1.0000,2.3772,2.2857,4.4400,574.2897
2025-10-12 19:35:38,The Long Wait - Dark Horses_other.wav,52665.2500,0.0000,46.4829,20.7068,0.0000,1.0000,2.8411,2.3129,4.8300,574.2898
2025-10-12 19:35:44,The Long Wait - Dark Horses_mixture.wav,52665.2500,0.0027,25.7623,4.6975,0.0000,1.0000,2.4517,2.2980,4.5200,574.2897
2025-10-12 19:35:51,The Mountaineering Club - Mallory_bass.wav,42112.0664,0.0054,22.6978,-1.2040,0.0000,1.0000,2.1222,2.2398,4.1600,461.5397
2025-10-12 19:35:57,The Long Wait - Dark Horses_vocals.wav,52665.2500,0.0002,37.4135,9.3319,0.0000,1.0000,2.3552,2.2474,4.4100,574.2898
2025-10-12 19:36:04,The Mountaineering Club - Mallory_mixture.wav,42112.0664,0.0019,27.1127,7.0576,0.0000,1.0000,2.3177,2.7670,4.8100,461.5397
2025-10-12 19:36:09,The Mountaineering Club - Mallory_drums.wav,42112.0664,0.0000,45.2821,18.7542,0.0000,1.0000,1.7901,2.2642,3.8800,461.5397
2025-10-12 19:36:16,The Mountaineering Club - Mallory_other.wav,42112.0664,0.0018,27.3698,0.7789,0.0000,1.0000,2.0311,3.6927,5.4000,461.5397
2025-10-12 19:36:22,The Mountaineering Club - Mallory_vocals.wav,42112.0664,0.0000,43.9613,15.4308,0.0000,1.0000,1.7618,2.2428,3.8600,461.5397
2025-10-12 19:36:30,The Sunshine Garcia Band - For I Am The Moon_bass.wav,55176.1484,0.0042,23.7975,-0.0823,0.0000,1.0000,2.3889,3.8853,5.9500,601.7897
2025-10-12 19:36:36,The Sunshine Garcia Band - For I Am The Moon_drums.wav,55176.1484,0.0005,33.3816,9.8737,0.0000,1.0000,2.5381,2.3146,4.6200,601.7898
2025-10-12 19:36:44,The Sunshine Garcia Band - For I Am The Moon_mixture.wav,55176.1484,0.0066,21.8125,2.9954,0.0000,1.0000,2.7638,3.5165,5.7800,601.7897
2025-10-12 19:36:51,The Sunshine Garcia Band - For I Am The Moon_other.wav,55176.1484,0.0000,49.7632,17.9380,0.0000,1.0000,2.4252,2.2631,4.4900,601.7897
2025-10-12 19:36:58,Timboz - Pony_bass.wav,43591.6406,0.0178,17.4871,-13.3147,0.0000,1.0000,2.1955,3.4139,5.1300,478.0398
2025-10-12 19:37:05,The Sunshine Garcia Band - For I Am The Moon_vocals.wav,55176.1484,0.0018,27.4629,3.4721,0.0000,1.0000,2.5662,2.3180,4.6700,601.7897
2025-10-12 19:37:14,Timboz - Pony_other.wav,43591.6406,0.0037,24.3165,4.2233,0.0000,1.0000,2.1300,4.6982,6.4400,478.0398
2025-10-12 19:37:21,Timboz - Pony_drums.wav,43591.6406,0.0013,28.7804,2.7613,0.0000,1.0000,3.4542,2.4014,5.4800,478.0397
2025-10-12 19:37:28,Timboz - Pony_mixture.wav,43591.6406,0.0092,20.3507,1.9503,0.0000,1.0000,2.3182,2.2436,4.3300,478.0397
2025-10-12 19:37:34,Timboz - Pony_vocals.wav,43591.6406,0.0002,36.4944,7.7019,0.0000,1.0000,1.9614,2.2492,4.0500,478.0398
2025-10-12 19:37:39,Tom McKenzie - Directions_bass.wav,30293.4141,0.0065,21.8556,-5.3192,0.0000,1.0000,1.4698,2.8895,4.1500,335.0420
2025-10-12 19:37:45,Tom McKenzie - Directions_mixture.wav,30293.4141,0.0044,23.5201,4.2551,0.0000,1.0000,1.3714,2.2179,3.5000,335.0421
2025-10-12 19:37:51,Tom McKenzie - Directions_other.wav,30293.4141,0.0055,22.5972,-6.3048,0.0000,1.0000,1.3876,3.7410,4.8900,335.0420
2025-10-12 19:37:56,Tom McKenzie - Directions_vocals.wav,30293.4141,0.0004,33.8536,5.2674,0.0000,1.0000,1.3031,2.2610,3.4500,335.0420
2025-10-12 19:38:01,Tom McKenzie - Directions_drums.wav,30293.4141,0.0002,37.2958,15.9776,0.0000,1.0000,1.3335,2.2530,3.4800,335.0421
2025-10-12 19:38:07,Triviul feat. The Fiend - Widow_bass.wav,40501.3594,0.0276,15.5893,-9.4517,0.0000,1.0000,2.3551,2.5096,4.5700,445.0397
2025-10-12 19:38:13,Triviul feat. The Fiend - Widow_drums.wav,40501.3594,0.0009,30.6867,2.9549,0.0000,1.0000,1.8598,2.3059,4.0000,445.0397
2025-10-12 19:38:20,Triviul feat. The Fiend - Widow_mixture.wav,40501.3594,0.0070,21.5545,1.9993,0.0000,1.0000,2.2358,3.1065,5.0000,445.0420
2025-10-12 19:38:26,Triviul feat. The Fiend - Widow_other.wav,40501.3594,0.0001,39.2396,11.3179,0.0000,1.0000,1.8452,2.2416,3.9300,445.0398
2025-10-12 19:38:33,Triviul feat. The Fiend - Widow_vocals.wav,40501.3594,0.0020,26.9999,3.6389,0.0000,1.0000,1.8572,3.8743,5.4100,445.0397
2025-10-12 19:38:38,We Fell From The Sky - Not You_mixture.wav,35813.6055,0.0068,21.6726,2.5712,0.0000,1.0000,1.6432,2.2532,3.7500,392.7920
2025-10-12 19:38:44,We Fell From The Sky - Not You_drums.wav,35813.6055,0.0006,32.3815,10.1108,0.0000,1.0000,1.6276,2.6928,4.1400,392.7921
2025-10-12 19:38:49,We Fell From The Sky - Not You_bass.wav,35813.6055,0.0163,17.8738,-13.8375,0.0000,1.0000,1.8315,2.3189,3.9100,392.7897
2025-10-12 19:38:54,We Fell From The Sky - Not You_other.wav,35813.6055,0.0013,28.9490,5.4445,0.0000,1.0000,1.6217,2.2775,3.7600,392.7920
2025-10-12 19:39:00,We Fell From The Sky - Not You_vocals.wav,35813.6055,0.0005,32.7338,3.3857,0.0000,1.0000,1.6164,3.6276,4.9300,392.7920
2025-10-12 19:39:06,Zeno - Signs_bass.wav,40376.3359,0.0217,16.6327,-11.5659,0.0000,1.0000,1.7759,2.2131,3.8600,442.2897
2025-10-12 19:39:12,Zeno - Signs_mixture.wav,40376.3359,0.0106,19.7387,2.0648,0.0000,1.0000,1.8192,3.3332,4.9400,442.2897
2025-10-12 19:39:19,Zeno - Signs_drums.wav,40376.3359,0.0008,30.7772,6.4304,0.0000,1.0000,1.8543,2.3177,4.0000,442.2897
2025-10-12 19:39:25,Zeno - Signs_other.wav,40376.3359,0.0002,37.6719,16.4692,0.0000,1.0000,1.7738,2.9227,4.5200,442.2897
2025-10-12 19:39:31,Zeno - Signs_vocals.wav,40376.3359,0.0026,25.8388,2.3093,0.0000,1.0000,1.8195,2.2184,3.8700,442.2897
2025-10-12 19:39:31,--- TOTAL / SUMMARY ---,,,,,,,1501.6041,1866.2674,3181.6100,330739.2407
